<?xml version="1.0" encoding="UTF-8" standalone="no"?><root><o N="p3449_b01"><a N="PHYSICAL_CONSTRAINT_SET"><v V="@p1077_lib.p1077(sch_1):\DEFAULT\"/><o>2</o></a><a N="SPACING_CONSTRAINT_SET"><v V="@p1077_lib.p1077(sch_1):\DEFAULT\"/><o>2</o></a><a N="SAME_NET_SPACING_CONSTRAINT_SET"><v V="@p1077_lib.p1077(sch_1):\DEFAULT\"/><o>2</o></a><a N="CDS_DI_CONTROL_MASK"><v V="0"/><o>1</o></a><a N="PACKAGE_TO_CAVITY_SPACING"><v V="0.000"/><o>1</o></a><a N="BBVIA_SEPARATION"><v V="0"/><o>1</o></a><a N="NV_NVLVOID_LAYERCOUNT"><v V="-1.0,0.06,0.06,0.06,0.06,-1.0"/><o>1</o></a><a N="NV_PEXVOID_LAYERCOUNT"><v V="-1.0,0.05,0.05,0.05,0.05,-1.0"/><o>1</o></a><a N="NV_MASK_REDUCTION_PERCENT"><v V="85.0"/><o>1</o></a><a N="NV_MASK_SKIP_TYPES"><v V="NONE"/><o>1</o></a><a N="MANUFACTURING_STUB_LENGTH"><v V="0.0"/><o>1</o></a><a N="BACKDRILL_MIN_SPACE"><v V="0.100"/><o>1</o></a><a N="TPPAD_CMP_SPACING"><v V="0.000"/><o>1</o></a><a N="TPLOC_CMP_SPACING"><v V="0.000"/><o>1</o></a><a N="MAXIMUM_CAVITY_COMPONENT_COUNT"><v V="0"/><o>1</o></a><a N="MAXIMUM_CAVITY_SIZE"><v V="0.000"/><o>1</o></a><a N="SHAPE_ISLAND_OVERSIZE"><v V="0.000"/><o>1</o></a><a N="NEGATIVE_PLANE_SLIVER_SPACING"><v V="0.000"/><o>1</o></a><a N="MECH_PIN_TO_MECH_PIN_SPACING"><v V="0.000"/><o>1</o></a><a N="MECH_PIN_TO_CONDUCTOR_SPACING"><v V="0.000"/><o>1</o></a><a N="MIN_METAL_SPACING"><v V="0.000"/><o>1</o></a><a N="PASTEMASK_SPACING"><v V="0.000"/><o>1</o></a><a N="SOLDERMASK_SHAPE_SPACING"><v V="0.000"/><o>1</o></a><a N="SOLDERMASK_CLINE_SPACING"><v V="0.000"/><o>1</o></a><a N="SOLDERMASK_SPACING"><v V="0.100"/><o>1</o></a><a N="SOLDERMASK_ALIGNMENT"><v V="0.025"/><o>1</o></a><a N="DRAWING_LOWER_LEFT"><v V="-314.385:-297.772"/><o>1</o></a><a N="DRAWING_EXTENTS"><v V="863.600:584.200"/><o>1</o></a><a N="CDS_EDIT_PNS_STATUS"><v V="1"/><o>2</o></a><a N="CDS_EXPORT_CONTENTS_MASK"><v V="37567"/></a><r K="39" N="@p1077_lib.p1077(sch_1):\DEFAULT\"/><r K="40" N="@p1077_lib.p1077(sch_1):\DEFAULT\"/><r K="46" N="@p1077_lib.p1077(sch_1):\DEFAULT\"/><g><v>4</v></g><xs><g><t>Conductor</t><t>Plane</t><t>Conductor/EXTERNAL</t></g><c S="0 " P="PRIMARY" T="0" B="3"><o T="0"><a N="CDS_LAYER_MATERIAL"><v V="AIR"/><o>1</o></a><a N="CDS_LAYER_THICKNESS"><v V="0"/><o>1</o></a><a N="CDS_LAYER_THICKNESS_PLUS"><v V="0"/><o>1</o></a><a N="CDS_LAYER_THICKNESS_MINUS"><v V="0"/><o>1</o></a><a N="CDS_LAYER_ELECTRICAL_CONDUCTIVITY"><v V="0"/><o>1</o></a><a N="CDS_LAYER_DIELECTRIC_CONSTANT"><v V="1"/><o>1</o></a><a N="CDS_LAYER_LOSS_TANGENT"><v V="0"/><o>1</o></a><a N="CDS_LAYER_FUNCTION"><v V="SURFACE"/><o>1</o></a></o><o T="2"><a N="CDS_LAYER_MATERIAL"><v V="CONFORMAL_COAT"/><o>1</o></a><a N="CDS_LAYER_ELECTRICAL_CONDUCTIVITY"><v V="0"/><o>1</o></a><a N="CDS_LAYER_DIELECTRIC_CONSTANT"><v V="2.5"/><o>1</o></a><a N="CDS_LAYER_LOSS_TANGENT"><v V="0.035"/><o>1</o></a><a N="CDS_LAYER_THICKNESS"><v V="0.018"/><o>1</o></a><a N="CDS_LAYER_THICKNESS_PLUS"><v V="0"/><o>1</o></a><a N="CDS_LAYER_THICKNESS_MINUS"><v V="0"/><o>1</o></a><a N="CDS_LAYER_FUNCTION"><v V="DIELECTRIC"/><o>1</o></a></o><o T="1"><a N="CDS_LAYER_NAME"><v V="TOP"/><o>1</o></a><a N="CDS_LAYER_MATERIAL"><v V="COPPER .5OZ (PLATED)"/><o>1</o></a><a N="CDS_LAYER_ELECTRICAL_CONDUCTIVITY"><v V="595900"/><o>1</o></a><a N="CDS_LAYER_DIELECTRIC_CONSTANT"><v V="2.5"/><o>1</o></a><a N="CDS_LAYER_LOSS_TANGENT"><v V="0"/><o>1</o></a><a N="CDS_LAYER_THICKNESS"><v V="0.043"/><o>1</o></a><a N="CDS_LAYER_THICKNESS_PLUS"><v V="0"/><o>1</o></a><a N="CDS_LAYER_THICKNESS_MINUS"><v V="0"/><o>1</o></a><a N="CDS_LAYER_EMBEDDED_STATUS"><v V="Not embedded"/><o>1</o></a><a N="CDS_LAYER_ETCH_FACTOR"><v V="80"/><o>1</o></a><a N="CDS_LAYER_LINE_WIDTH"><v V="0.120"/><o>1</o></a><a N="CDS_LAYER_DIFF_SPACING"><v V="0.133"/><o>1</o></a><a N="CDS_LAYER_DIFF_COUPLING"><v V="Edge"/><o>1</o></a><a N="CDS_LAYER_FUNCTION"><v V="CONDUCTOR"/><o>1</o></a></o><o T="2"><a N="CDS_LAYER_MATERIAL"><v V="FR-4 0.0027 1080X1 PREPREG"/><o>1</o></a><a N="CDS_LAYER_THICKNESS"><v V="0.069"/><o>1</o></a><a N="CDS_LAYER_THICKNESS_PLUS"><v V="0.005"/><o>1</o></a><a N="CDS_LAYER_THICKNESS_MINUS"><v V="0.013"/><o>1</o></a><a N="CDS_LAYER_ELECTRICAL_CONDUCTIVITY"><v V="0"/><o>1</o></a><a N="CDS_LAYER_DIELECTRIC_CONSTANT"><v V="4"/><o>1</o></a><a N="CDS_LAYER_LOSS_TANGENT"><v V="0.035"/><o>1</o></a><a N="CDS_LAYER_FUNCTION"><v V="DIELECTRIC"/><o>1</o></a></o><o T="3"><a N="CDS_LAYER_NAME"><v V="L2"/><o>1</o></a><a N="CDS_LAYER_MATERIAL"><v V="COPPER 1OZ"/><o>1</o></a><a N="CDS_LAYER_ELECTRICAL_CONDUCTIVITY"><v V="595900"/><o>1</o></a><a N="CDS_LAYER_DIELECTRIC_CONSTANT"><v V="4"/><o>1</o></a><a N="CDS_LAYER_LOSS_TANGENT"><v V="0"/><o>1</o></a><a N="CDS_LAYER_THICKNESS"><v V="0.03"/><o>1</o></a><a N="CDS_LAYER_THICKNESS_PLUS"><v V="0.004"/><o>1</o></a><a N="CDS_LAYER_THICKNESS_MINUS"><v V="0.004"/><o>1</o></a><a N="CDS_LAYER_IS_SHIELD"><v V="1"/><o>1</o></a><a N="CDS_LAYER_EMBEDDED_STATUS"><v V="Not embedded"/><o>1</o></a><a N="CDS_LAYER_ETCH_FACTOR"><v V="80"/><o>1</o></a><a N="CDS_LAYER_UPS_VIAS"><v V="1"/><o>1</o></a><a N="CDS_LAYER_LINE_WIDTH"><v V="0.125"/><o>1</o></a><a N="CDS_LAYER_DIFF_SPACING"><v V="0.125"/><o>1</o></a><a N="CDS_LAYER_DIFF_COUPLING"><v V="None"/><o>1</o></a><a N="CDS_LAYER_FUNCTION"><v V="PLANE"/><o>1</o></a></o><o T="2"><a N="CDS_LAYER_MATERIAL"><v V="FR-4 0.051 FILLER"/><o>1</o></a><a N="CDS_LAYER_ELECTRICAL_CONDUCTIVITY"><v V="0"/><o>1</o></a><a N="CDS_LAYER_DIELECTRIC_CONSTANT"><v V="4.5"/><o>1</o></a><a N="CDS_LAYER_LOSS_TANGENT"><v V="0.035"/><o>1</o></a><a N="CDS_LAYER_THICKNESS"><v V="1.295"/><o>1</o></a><a N="CDS_LAYER_THICKNESS_PLUS"><v V="0.026"/><o>1</o></a><a N="CDS_LAYER_THICKNESS_MINUS"><v V="0.025"/><o>1</o></a><a N="CDS_LAYER_FUNCTION"><v V="DIELECTRIC"/><o>1</o></a></o><o T="3"><a N="CDS_LAYER_NAME"><v V="L3"/><o>1</o></a><a N="CDS_LAYER_MATERIAL"><v V="COPPER 1OZ"/><o>1</o></a><a N="CDS_LAYER_ELECTRICAL_CONDUCTIVITY"><v V="595900"/><o>1</o></a><a N="CDS_LAYER_DIELECTRIC_CONSTANT"><v V="4"/><o>1</o></a><a N="CDS_LAYER_LOSS_TANGENT"><v V="0"/><o>1</o></a><a N="CDS_LAYER_THICKNESS"><v V="0.03"/><o>1</o></a><a N="CDS_LAYER_THICKNESS_PLUS"><v V="0.004"/><o>1</o></a><a N="CDS_LAYER_THICKNESS_MINUS"><v V="0.004"/><o>1</o></a><a N="CDS_LAYER_IS_SHIELD"><v V="1"/><o>1</o></a><a N="CDS_LAYER_EMBEDDED_STATUS"><v V="Not embedded"/><o>1</o></a><a N="CDS_LAYER_ETCH_FACTOR"><v V="80"/><o>1</o></a><a N="CDS_LAYER_UPS_VIAS"><v V="1"/><o>1</o></a><a N="CDS_LAYER_LINE_WIDTH"><v V="0.080"/><o>1</o></a><a N="CDS_LAYER_DIFF_SPACING"><v V="0.100"/><o>1</o></a><a N="CDS_LAYER_DIFF_COUPLING"><v V="None"/><o>1</o></a><a N="CDS_LAYER_FUNCTION"><v V="PLANE"/><o>1</o></a></o><o T="2"><a N="CDS_LAYER_MATERIAL"><v V="FR-4 0.0027 1080X1 PREPREG"/><o>1</o></a><a N="CDS_LAYER_THICKNESS"><v V="0.069"/><o>1</o></a><a N="CDS_LAYER_THICKNESS_PLUS"><v V="0.005"/><o>1</o></a><a N="CDS_LAYER_THICKNESS_MINUS"><v V="0.013"/><o>1</o></a><a N="CDS_LAYER_ELECTRICAL_CONDUCTIVITY"><v V="0"/><o>1</o></a><a N="CDS_LAYER_DIELECTRIC_CONSTANT"><v V="4"/><o>1</o></a><a N="CDS_LAYER_LOSS_TANGENT"><v V="0.035"/><o>1</o></a><a N="CDS_LAYER_FUNCTION"><v V="DIELECTRIC"/><o>1</o></a></o><o T="1"><a N="CDS_LAYER_NAME"><v V="BOTTOM"/><o>1</o></a><a N="CDS_LAYER_MATERIAL"><v V="COPPER .5OZ (PLATED)"/><o>1</o></a><a N="CDS_LAYER_ELECTRICAL_CONDUCTIVITY"><v V="595900"/><o>1</o></a><a N="CDS_LAYER_DIELECTRIC_CONSTANT"><v V="2.5"/><o>1</o></a><a N="CDS_LAYER_LOSS_TANGENT"><v V="0"/><o>1</o></a><a N="CDS_LAYER_THICKNESS"><v V="0.043"/><o>1</o></a><a N="CDS_LAYER_THICKNESS_PLUS"><v V="0"/><o>1</o></a><a N="CDS_LAYER_THICKNESS_MINUS"><v V="0"/><o>1</o></a><a N="CDS_LAYER_EMBEDDED_STATUS"><v V="Not embedded"/><o>1</o></a><a N="CDS_LAYER_ETCH_FACTOR"><v V="80"/><o>1</o></a><a N="CDS_LAYER_LINE_WIDTH"><v V="0.100"/><o>1</o></a><a N="CDS_LAYER_DIFF_SPACING"><v V="0.125"/><o>1</o></a><a N="CDS_LAYER_DIFF_COUPLING"><v V="Edge"/><o>1</o></a><a N="CDS_LAYER_FUNCTION"><v V="CONDUCTOR"/><o>1</o></a></o><o T="2"><a N="CDS_LAYER_MATERIAL"><v V="CONFORMAL_COAT"/><o>1</o></a><a N="CDS_LAYER_ELECTRICAL_CONDUCTIVITY"><v V="0"/><o>1</o></a><a N="CDS_LAYER_DIELECTRIC_CONSTANT"><v V="2.5"/><o>1</o></a><a N="CDS_LAYER_LOSS_TANGENT"><v V="0.035"/><o>1</o></a><a N="CDS_LAYER_THICKNESS"><v V="0.018"/><o>1</o></a><a N="CDS_LAYER_THICKNESS_PLUS"><v V="0"/><o>1</o></a><a N="CDS_LAYER_THICKNESS_MINUS"><v V="0"/><o>1</o></a><a N="CDS_LAYER_FUNCTION"><v V="DIELECTRIC"/><o>1</o></a></o><o T="0"><a N="CDS_LAYER_MATERIAL"><v V="AIR"/><o>1</o></a><a N="CDS_LAYER_THICKNESS"><v V="0"/><o>1</o></a><a N="CDS_LAYER_THICKNESS_PLUS"><v V="0"/><o>1</o></a><a N="CDS_LAYER_THICKNESS_MINUS"><v V="0"/><o>1</o></a><a N="CDS_LAYER_ELECTRICAL_CONDUCTIVITY"><v V="0"/><o>1</o></a><a N="CDS_LAYER_DIELECTRIC_CONSTANT"><v V="1"/><o>1</o></a><a N="CDS_LAYER_LOSS_TANGENT"><v V="0"/><o>1</o></a><a N="CDS_LAYER_FUNCTION"><v V="SURFACE"/><o>1</o></a></o></c></xs></o></root>