<?xml version="1.0" encoding="UTF-8" standalone="no"?><root><o N="@p3449_a02_lib.p3449_a02(sch_1):\DP_GBE_MDI0\" A="DP_GBE_MDI0"><a N="DIFFP_UNCOUPLED_LENGTH"><v V="3.810"/><o>1</o></a><m K="10" N="@p3449_b01_lib.p3449_b01(sch_1):gbe_mdi0_p"/><m K="10" N="@p3449_b01_lib.p3449_b01(sch_1):gbe_mdi0_n"/></o><o N="@p3449_a02_lib.p3449_a02(sch_1):\DP_GBE_MDI1\" A="DP_GBE_MDI1"><a N="DIFFP_UNCOUPLED_LENGTH"><v V="3.810"/><o>1</o></a><m K="10" N="@p3449_b01_lib.p3449_b01(sch_1):gbe_mdi1_n"/><m K="10" N="@p3449_b01_lib.p3449_b01(sch_1):gbe_mdi1_p"/></o><o N="@p3449_a02_lib.p3449_a02(sch_1):\DP_GBE_MDI2\" A="DP_GBE_MDI2"><a N="DIFFP_UNCOUPLED_LENGTH"><v V="3.810"/><o>1</o></a><m K="10" N="@p3449_b01_lib.p3449_b01(sch_1):gbe_mdi2_n"/><m K="10" N="@p3449_b01_lib.p3449_b01(sch_1):gbe_mdi2_p"/></o><o N="@p3449_a02_lib.p3449_a02(sch_1):\DP_GBE_MDI3\" A="DP_GBE_MDI3"><a N="DIFFP_UNCOUPLED_LENGTH"><v V="3.810"/><o>1</o></a><m K="10" N="@p3449_b01_lib.p3449_b01(sch_1):gbe_mdi3_p"/><m K="10" N="@p3449_b01_lib.p3449_b01(sch_1):gbe_mdi3_n"/></o><o N="@p3449_a02_lib.p3449_a02(sch_1):\USB0_AP\" A="USB0_AP"><a N="DIFFP_UNCOUPLED_LENGTH"><v V="3.810"/><o>1</o></a><a N="DIFFP_PHASE_TOL"><v V="1 ps"/><o>1</o></a><m K="10" N="@p3449_b01_lib.p3449_b01(sch_1):usb0_ap_n"/><m K="10" N="@p3449_b01_lib.p3449_b01(sch_1):usb0_ap_p"/></o><o N="@p3449_a02_lib.p3449_a02(sch_1):\USB1_AP\" A="USB1_AP"><a N="DIFFP_UNCOUPLED_LENGTH"><v V="3.810"/><o>1</o></a><a N="DIFFP_PHASE_TOL"><v V="1 ps"/><o>1</o></a><m K="10" N="@p3449_b01_lib.p3449_b01(sch_1):usb1_ap_n"/><m K="10" N="@p3449_b01_lib.p3449_b01(sch_1):usb1_ap_p"/></o><o N="@p3449_a02_lib.p3449_a02(sch_1):\USB2_AP\" A="USB2_AP"><a N="DIFFP_UNCOUPLED_LENGTH"><v V="3.810"/><o>1</o></a><a N="DIFFP_PHASE_TOL"><v V="1 ps"/><o>1</o></a><m K="10" N="@p3449_b01_lib.p3449_b01(sch_1):usb2_ap_n"/><m K="10" N="@p3449_b01_lib.p3449_b01(sch_1):usb2_ap_p"/></o><o N="@p3449_a02_lib.p3449_a02(sch_1):\USB_PEX_RX6\" A="USB_PEX_RX6"><a N="DIFFP_UNCOUPLED_LENGTH"><v V="3.810"/><o>1</o></a><a N="DIFFP_PHASE_TOL"><v V="1 ps"/><o>1</o></a><m K="9" N="@p3449_b01_lib.p3449_b01(sch_1):usbss_rx6_n"/><m K="9" N="@p3449_b01_lib.p3449_b01(sch_1):usbss_rx6_p"/></o><o N="@p3449_a02_lib.p3449_a02(sch_1):\USB_PEX_TX6\" A="USB_PEX_TX6"><a N="DIFFP_UNCOUPLED_LENGTH"><v V="3.810"/><o>1</o></a><a N="DIFFP_PHASE_TOL"><v V="1 ps"/><o>1</o></a><m K="9" N="@p3449_b01_lib.p3449_b01(sch_1):usbss_rx6_hub_n"/><m K="9" N="@p3449_b01_lib.p3449_b01(sch_1):usbss_rx6_hub_p"/></o><o N="@p3449_a02_lib.p3449_a02(sch_1):\EDP_TXD0\" A="EDP_TXD0"><a N="DIFFP_UNCOUPLED_LENGTH"><v V="3.810"/><o>1</o></a><m K="9" N="@p3449_b01_lib.p3449_b01(sch_1):dp_con_lane0_n"/><m K="9" N="@p3449_b01_lib.p3449_b01(sch_1):dp_con_lane0_p"/></o><o N="@p3449_a02_lib.p3449_a02(sch_1):\EDP_TXD1\" A="EDP_TXD1"><a N="DIFFP_UNCOUPLED_LENGTH"><v V="3.810"/><o>1</o></a><m K="9" N="@p3449_b01_lib.p3449_b01(sch_1):dp_con_lane1_n"/><m K="9" N="@p3449_b01_lib.p3449_b01(sch_1):dp_con_lane1_p"/></o><o N="@p3449_a02_lib.p3449_a02(sch_1):\EDP_TXD2\" A="EDP_TXD2"><a N="DIFFP_UNCOUPLED_LENGTH"><v V="3.810"/><o>1</o></a><m K="9" N="@p3449_b01_lib.p3449_b01(sch_1):dp_con_lane2_n"/><m K="9" N="@p3449_b01_lib.p3449_b01(sch_1):dp_con_lane2_p"/></o><o N="@p3449_a02_lib.p3449_a02(sch_1):\EDP_TXD3\" A="EDP_TXD3"><a N="DIFFP_UNCOUPLED_LENGTH"><v V="3.810"/><o>1</o></a><m K="9" N="@p3449_b01_lib.p3449_b01(sch_1):dp_con_lane3_n"/><m K="9" N="@p3449_b01_lib.p3449_b01(sch_1):dp_con_lane3_p"/></o><o N="@p3449_a02_lib.p3449_a02(sch_1):\DSP4_SSRX\" A="DSP4_SSRX"><f>1048576</f><m K="10" N="@p3449_b01_lib.p3449_b01(sch_1):dsp4_ssrx_n"/><m K="10" N="@p3449_b01_lib.p3449_b01(sch_1):dsp4_ssrx_p"/></o><o N="@p3449_a02_lib.p3449_a02(sch_1):\DSP3_SSRX\" A="DSP3_SSRX"><m K="10" N="@p3449_b01_lib.p3449_b01(sch_1):dsp3_ssrx_n"/><m K="10" N="@p3449_b01_lib.p3449_b01(sch_1):dsp3_ssrx_p"/></o><o N="@p3449_a02_lib.p3449_a02(sch_1):\DSP2_SSRX\" A="DSP2_SSRX"><m K="10" N="@p3449_b01_lib.p3449_b01(sch_1):dsp2_ssrx_n"/><m K="10" N="@p3449_b01_lib.p3449_b01(sch_1):dsp2_ssrx_p"/></o><o N="@p3449_a02_lib.p3449_a02(sch_1):\DSP1_SSRX\" A="DSP1_SSRX"><m K="10" N="@p3449_b01_lib.p3449_b01(sch_1):dsp1_ssrx_n"/><m K="10" N="@p3449_b01_lib.p3449_b01(sch_1):dsp1_ssrx_p"/></o><o N="@p3449_a02_lib.p3449_a02(sch_1):\DSP4_D\" A="DSP4_D"><m K="9" N="@p3449_b01_lib.p3449_b01(sch_1):usb2_j33_n"/><m K="9" N="@p3449_b01_lib.p3449_b01(sch_1):usb2_j33_p"/></o><o N="@p3449_a02_lib.p3449_a02(sch_1):\DSP2_D\" A="DSP2_D"><m K="9" N="@p3449_b01_lib.p3449_b01(sch_1):usb2_j32_n"/><m K="9" N="@p3449_b01_lib.p3449_b01(sch_1):usb2_j32_p"/></o><o N="@p3449_a02_lib.p3449_a02(sch_1):\DSP3_D\" A="DSP3_D"><m K="9" N="@p3449_b01_lib.p3449_b01(sch_1):usb1_j33_n"/><m K="9" N="@p3449_b01_lib.p3449_b01(sch_1):usb1_j33_p"/></o><o N="@p3449_a02_lib.p3449_a02(sch_1):\DSP1_SSTX\" A="DSP1_SSTX"><m K="9" N="@p3449_b01_lib.p3449_b01(sch_1):dsp1_sstx_n"/><m K="9" N="@p3449_b01_lib.p3449_b01(sch_1):dsp1_sstx_p"/></o><o N="@p3449_a02_lib.p3449_a02(sch_1):\DSP2_SSTX\" A="DSP2_SSTX"><m K="9" N="@p3449_b01_lib.p3449_b01(sch_1):dsp2_sstx_n"/><m K="9" N="@p3449_b01_lib.p3449_b01(sch_1):dsp2_sstx_p"/></o><o N="@p3449_a02_lib.p3449_a02(sch_1):\DSP3_SSTX\" A="DSP3_SSTX"><m K="9" N="@p3449_b01_lib.p3449_b01(sch_1):dsp3_sstx_n"/><m K="9" N="@p3449_b01_lib.p3449_b01(sch_1):dsp3_sstx_p"/></o><o N="@p3449_a02_lib.p3449_a02(sch_1):\DSP4_SSTX\" A="DSP4_SSTX"><m K="9" N="@p3449_b01_lib.p3449_b01(sch_1):dsp4_sstx_n"/><m K="9" N="@p3449_b01_lib.p3449_b01(sch_1):dsp4_sstx_p"/></o><o N="@p3449_a02_lib.p3449_a02(sch_1):\DSP1_D\" A="DSP1_D"><m K="9" N="@p3449_b01_lib.p3449_b01(sch_1):usb1_j32_n"/><m K="9" N="@p3449_b01_lib.p3449_b01(sch_1):usb1_j32_p"/></o><o N="@p3449_a02_lib.p3449_a02(sch_1):\DSI_A_CLK\" A="DSI_A_CLK"><m K="10" N="@p3449_b01_lib.p3449_b01(sch_1):dsi_clk_p"/><m K="10" N="@p3449_b01_lib.p3449_b01(sch_1):dsi_clk_n"/></o><o N="@p3449_a02_lib.p3449_a02(sch_1):\DSI_A_D0\" A="DSI_A_D0"><m K="10" N="@p3449_b01_lib.p3449_b01(sch_1):dsi_d0_p"/><m K="10" N="@p3449_b01_lib.p3449_b01(sch_1):dsi_d0_n"/></o><o N="@p3449_a02_lib.p3449_a02(sch_1):\DSI_A_D1\" A="DSI_A_D1"><m K="10" N="@p3449_b01_lib.p3449_b01(sch_1):dsi_d1_n"/><m K="10" N="@p3449_b01_lib.p3449_b01(sch_1):dsi_d1_p"/></o><o N="@p3449_a02_lib.p3449_a02(sch_1):\PEX_CLK2\" A="PEX_CLK2"><m K="10" N="@p3449_b01_lib.p3449_b01(sch_1):pcie1_clk_p"/><m K="10" N="@p3449_b01_lib.p3449_b01(sch_1):pcie1_clk_n"/></o><o N="@p3449_a02_lib.p3449_a02(sch_1):\DP_AUX_CH0\" A="DP_AUX_CH0"><m K="9" N="@p3449_b01_lib.p3449_b01(sch_1):dp0_aux_ch0_n"/><m K="9" N="@p3449_b01_lib.p3449_b01(sch_1):dp0_aux_ch0_p"/></o><o N="@p3449_a02_lib.p3449_a02(sch_1):\CSI_B_CLK\" A="CSI_B_CLK"><m K="10" N="@p3449_b01_lib.p3449_b01(sch_1):csi1_clk_p"/><m K="10" N="@p3449_b01_lib.p3449_b01(sch_1):csi1_clk_n"/></o><o N="@p3449_a02_lib.p3449_a02(sch_1):\CSI_B_D0\" A="CSI_B_D0"><m K="10" N="@p3449_b01_lib.p3449_b01(sch_1):csi1_d0_p"/><m K="10" N="@p3449_b01_lib.p3449_b01(sch_1):csi1_d0_n"/></o><o N="@p3449_a02_lib.p3449_a02(sch_1):\CSI_B_D1\" A="CSI_B_D1"><m K="10" N="@p3449_b01_lib.p3449_b01(sch_1):csi1_d1_p"/><m K="10" N="@p3449_b01_lib.p3449_b01(sch_1):csi1_d1_n"/></o><o N="@p3449_a02_lib.p3449_a02(sch_1):\CSI_F_CLK\" A="CSI_F_CLK"><m K="10" N="@p3449_b01_lib.p3449_b01(sch_1):csi3_clk_p"/><m K="10" N="@p3449_b01_lib.p3449_b01(sch_1):csi3_clk_n"/></o><o N="@p3449_a02_lib.p3449_a02(sch_1):\CSI_F_D0\" A="CSI_F_D0"><m K="10" N="@p3449_b01_lib.p3449_b01(sch_1):csi3_d0_p"/><m K="10" N="@p3449_b01_lib.p3449_b01(sch_1):csi3_d0_n"/></o><o N="@p3449_a02_lib.p3449_a02(sch_1):\CSI_F_D1\" A="CSI_F_D1"><m K="10" N="@p3449_b01_lib.p3449_b01(sch_1):csi3_d1_p"/><m K="10" N="@p3449_b01_lib.p3449_b01(sch_1):csi3_d1_n"/></o><o N="@p3449_a02_lib.p3449_a02(sch_1):\CSI_C_CLK\" A="CSI_C_CLK"><m K="10" N="@p3449_b01_lib.p3449_b01(sch_1):csi4_clk_n"/><m K="10" N="@p3449_b01_lib.p3449_b01(sch_1):csi4_clk_p"/></o><o N="@p3449_a02_lib.p3449_a02(sch_1):\CSI_C_D0\" A="CSI_C_D0"><m K="10" N="@p3449_b01_lib.p3449_b01(sch_1):csi4_d0_p"/><m K="10" N="@p3449_b01_lib.p3449_b01(sch_1):csi4_d0_n"/></o><o N="@p3449_a02_lib.p3449_a02(sch_1):\CSI_C_D1\" A="CSI_C_D1"><m K="10" N="@p3449_b01_lib.p3449_b01(sch_1):csi4_d1_p"/><m K="10" N="@p3449_b01_lib.p3449_b01(sch_1):csi4_d1_n"/></o><o N="@p3449_a02_lib.p3449_a02(sch_1):\CSI_D_D0\" A="CSI_D_D0"><m K="10" N="@p3449_b01_lib.p3449_b01(sch_1):csi4_d2_n"/><m K="10" N="@p3449_b01_lib.p3449_b01(sch_1):csi4_d2_p"/></o><o N="@p3449_a02_lib.p3449_a02(sch_1):\CSI_D_D1\" A="CSI_D_D1"><m K="10" N="@p3449_b01_lib.p3449_b01(sch_1):csi4_d3_p"/><m K="10" N="@p3449_b01_lib.p3449_b01(sch_1):csi4_d3_n"/></o><o N="@p3449_a02_lib.p3449_a02(sch_1):\PEX_RX3\" A="PEX_RX3"><m K="10" N="@p3449_b01_lib.p3449_b01(sch_1):pcie0_rx1_p"/><m K="10" N="@p3449_b01_lib.p3449_b01(sch_1):pcie0_rx1_n"/></o><o N="@p3449_a02_lib.p3449_a02(sch_1):\PEX_RX2\" A="PEX_RX2"><m K="10" N="@p3449_b01_lib.p3449_b01(sch_1):pcie0_rx2_n"/><m K="10" N="@p3449_b01_lib.p3449_b01(sch_1):pcie0_rx2_p"/></o><o N="@p3449_a02_lib.p3449_a02(sch_1):\PEX_RX1\" A="PEX_RX1"><m K="10" N="@p3449_b01_lib.p3449_b01(sch_1):pcie0_rx3_n"/><m K="10" N="@p3449_b01_lib.p3449_b01(sch_1):pcie0_rx3_p"/></o><o N="@p3449_a02_lib.p3449_a02(sch_1):\PEX_TX3\" A="PEX_TX3"><m K="10" N="@p3449_b01_lib.p3449_b01(sch_1):pcie0_tx1_p"/><m K="10" N="@p3449_b01_lib.p3449_b01(sch_1):pcie0_tx1_n"/></o><o N="@p3449_a02_lib.p3449_a02(sch_1):\PEX_TX2\" A="PEX_TX2"><m K="10" N="@p3449_b01_lib.p3449_b01(sch_1):pcie0_tx2_n"/><m K="10" N="@p3449_b01_lib.p3449_b01(sch_1):pcie0_tx2_p"/></o><o N="@p3449_a02_lib.p3449_a02(sch_1):\PEX_TX1\" A="PEX_TX1"><m K="10" N="@p3449_b01_lib.p3449_b01(sch_1):pcie0_tx3_n"/><m K="10" N="@p3449_b01_lib.p3449_b01(sch_1):pcie0_tx3_p"/></o><o N="@p3449_a02_lib.p3449_a02(sch_1):\PEX_RX0\" A="PEX_RX0"><m K="10" N="@p3449_b01_lib.p3449_b01(sch_1):pcie1_rx0_p"/><m K="10" N="@p3449_b01_lib.p3449_b01(sch_1):pcie1_rx0_n"/></o><o N="@p3449_a02_lib.p3449_a02(sch_1):\PEX_TX0\" A="PEX_TX0"><m K="10" N="@p3449_b01_lib.p3449_b01(sch_1):pcie1_tx0_n"/><m K="10" N="@p3449_b01_lib.p3449_b01(sch_1):pcie1_tx0_p"/></o><o N="@p3449_a02_lib.p3449_a02(sch_1):\CSI_A_CLK\" A="CSI_A_CLK"><m K="10" N="@p3449_b01_lib.p3449_b01(sch_1):csi0_clk_n"/><m K="10" N="@p3449_b01_lib.p3449_b01(sch_1):csi0_clk_p"/></o><o N="@p3449_a02_lib.p3449_a02(sch_1):\CSI_A_D0\" A="CSI_A_D0"><a N="DIFFP_UNCOUPLED_LENGTH"><v V="3.810"/><o>1</o></a><m K="10" N="@p3449_b01_lib.p3449_b01(sch_1):csi0_d0_p"/><m K="10" N="@p3449_b01_lib.p3449_b01(sch_1):csi0_d0_n"/></o><o N="@p3449_a02_lib.p3449_a02(sch_1):\CSI_A_D1\" A="CSI_A_D1"><a N="DIFFP_UNCOUPLED_LENGTH"><v V="3.810"/><o>1</o></a><m K="10" N="@p3449_b01_lib.p3449_b01(sch_1):csi0_d1_n"/><m K="10" N="@p3449_b01_lib.p3449_b01(sch_1):csi0_d1_p"/></o><o N="@p3449_a02_lib.p3449_a02(sch_1):\CSI_E_CLK\" A="CSI_E_CLK"><m K="10" N="@p3449_b01_lib.p3449_b01(sch_1):csi2_clk_p"/><m K="10" N="@p3449_b01_lib.p3449_b01(sch_1):csi2_clk_n"/></o><o N="@p3449_a02_lib.p3449_a02(sch_1):\CSI_E_D0\" A="CSI_E_D0"><a N="DIFFP_UNCOUPLED_LENGTH"><v V="3.810"/><o>1</o></a><m K="10" N="@p3449_b01_lib.p3449_b01(sch_1):csi2_d0_p"/><m K="10" N="@p3449_b01_lib.p3449_b01(sch_1):csi2_d0_n"/></o><o N="@p3449_a02_lib.p3449_a02(sch_1):\CSI_E_D1\" A="CSI_E_D1"><a N="DIFFP_UNCOUPLED_LENGTH"><v V="3.810"/><o>1</o></a><m K="10" N="@p3449_b01_lib.p3449_b01(sch_1):csi2_d1_p"/><m K="10" N="@p3449_b01_lib.p3449_b01(sch_1):csi2_d1_n"/></o><o N="@p3449_a02_lib.p3449_a02(sch_1):\HDMI_TXD3\" A="HDMI_TXD3"><a N="DIFFP_UNCOUPLED_LENGTH"><v V="3.810"/><o>1</o></a><m K="9" N="@p3449_b01_lib.p3449_b01(sch_1):hdmi_txc_con_n"/><m K="9" N="@p3449_b01_lib.p3449_b01(sch_1):hdmi_txc_con_p"/></o><o N="@p3449_a02_lib.p3449_a02(sch_1):\HDMI_TXD0\" A="HDMI_TXD0"><a N="DIFFP_UNCOUPLED_LENGTH"><v V="3.810"/><o>1</o></a><m K="9" N="@p3449_b01_lib.p3449_b01(sch_1):hdmi_txd0_con_p"/><m K="9" N="@p3449_b01_lib.p3449_b01(sch_1):hdmi_txd0_con_n"/></o><o N="@p3449_a02_lib.p3449_a02(sch_1):\HDMI_TXD1\" A="HDMI_TXD1"><a N="DIFFP_UNCOUPLED_LENGTH"><v V="3.810"/><o>1</o></a><m K="9" N="@p3449_b01_lib.p3449_b01(sch_1):hdmi_txd1_con_n"/><m K="9" N="@p3449_b01_lib.p3449_b01(sch_1):hdmi_txd1_con_p"/></o><o N="@p3449_a02_lib.p3449_a02(sch_1):\HDMI_TXD2_CON\" A="HDMI_TXD2_CON"><a N="DIFFP_UNCOUPLED_LENGTH"><v V="3.810"/><o>1</o></a><m K="9" N="@p3449_b01_lib.p3449_b01(sch_1):hdmi_txd2_con_n"/><m K="9" N="@p3449_b01_lib.p3449_b01(sch_1):hdmi_txd2_con_p"/></o><o N="@p3449_a02_lib.p3449_a02(sch_1):\PEX_CLK1\" A="PEX_CLK1"><a N="DIFFP_UNCOUPLED_LENGTH"><v V="3.810"/><o>1</o></a><m K="10" N="@p3449_b01_lib.p3449_b01(sch_1):pcie0_clk_n"/><m K="10" N="@p3449_b01_lib.p3449_b01(sch_1):pcie0_clk_p"/></o><o N="@p3449_a02_lib.p3449_a02(sch_1):\PEX_RX4_AP\" A="PEX_RX4_AP"><a N="DIFFP_UNCOUPLED_LENGTH"><v V="3.810"/><o>1</o></a><m K="10" N="@p3449_b01_lib.p3449_b01(sch_1):pcie0_rx0_m2_n"/><m K="10" N="@p3449_b01_lib.p3449_b01(sch_1):pcie0_rx0_m2_p"/></o><o N="@p3449_a02_lib.p3449_a02(sch_1):\PEX_TX4_AP\" A="PEX_TX4_AP"><a N="DIFFP_UNCOUPLED_LENGTH"><v V="3.810"/><o>1</o></a><m K="9" N="@p3449_b01_lib.p3449_b01(sch_1):ap_pet0_n"/><m K="9" N="@p3449_b01_lib.p3449_b01(sch_1):ap_pet0_p"/></o></root>