<?xml version="1.0" encoding="UTF-8" standalone="no"?><root><o N="@p3449_b01_lib.p3449_b01(sch_1):\NVEC14_27_USBSS_RX6_\" T="T46" A="NVEC14_27_USBSS_RX6_"><a N="DIFFP_PHASE_TOL"><v V="1 ps"/><o>1</o></a><a N="TOPOLOGY_TEMPLATE_REVISION"><v V="1.0"/><o>1</o></a><c K="25"><o N="NVEC14_27_USBSS_RX6_:DRV.NEAREND:RX.FAREND"><a N="PROPAGATION_DELAY_MAX"><v V="0.8 ns"/><o>1</o></a></o></c></o><o N="@p3449_b01_lib.p3449_b01(sch_1):\NVEC15_28_USBSS_TX6_\" T="T47" A="NVEC15_28_USBSS_TX6_"><a N="DIFFP_PHASE_TOL"><v V="1 ps"/><o>1</o></a><a N="TOPOLOGY_TEMPLATE_REVISION"><v V="1.0"/><o>1</o></a><c K="25"><o N="NVEC15_28_USBSS_TX6_:DRV.NEAREND:RX.FAREND"><a N="PROPAGATION_DELAY_MAX"><v V="0.8 ns"/><o>1</o></a></o></c></o><o N="@p3449_b01_lib.p3449_b01(sch_1):\NVEC11_20_DP0_TXD0_\" T="T48" A="NVEC11_20_DP0_TXD0_"><a N="DIFFP_PHASE_TOL"><v V="1 ps"/><o>1</o></a><a N="TOPOLOGY_TEMPLATE_REVISION"><v V="1.0"/><o>1</o></a><a N="RATSNEST_SCHEDULE"><v V="TEMPLATE"/><s>65536</s><o>1</o></a><c K="24"><o N="NVEC11_20_DP0_TXD0_:NVMG4_DPDP_DATA"><m K="25" N="NVEC11_20_DP0_TXD0_:DRV.NEAREND:RX.1"/></o></c><c K="25"><o N="NVEC11_20_DP0_TXD0_:DRV.NEAREND:RX.1"><a N="PROPAGATION_DELAY_MAX"><v V="0.4 ns"/><o>1</o></a><a N="RELATIVE_PROPAGATION_DELAY_SCOPE"><v V="G"/><o>1</o><p K="24" N="NVEC11_20_DP0_TXD0_:NVMG4_DPDP_DATA"/></a><a N="RELATIVE_PROPAGATION_DELAY_CNS"><v V=":0.1 ns"/><o>1</o><p K="24" N="NVEC11_20_DP0_TXD0_:NVMG4_DPDP_DATA"/></a></o><o N="NVEC11_20_DP0_TXD0_:C_SERIES_1.2:RX.1"><a N="PROPAGATION_DELAY_MAX"><v V="0.25 ns"/><o>1</o></a></o></c></o><o N="@p3449_b01_lib.p3449_b01(sch_1):\NVEC9_12_HDMI_TXD0_\" T="T49" A="NVEC9_12_HDMI_TXD0_"><a N="DIFFP_PHASE_TOL"><v V="1 ps"/><o>1</o></a><a N="TOPOLOGY_TEMPLATE_REVISION"><v V="1.0"/><o>1</o></a><a N="RATSNEST_SCHEDULE"><v V="TEMPLATE"/><s>65536</s><o>1</o></a><c K="24"><o N="NVEC9_12_HDMI_TXD0_:NVMG2_HDMIHDMI_DATA"><m K="25" N="NVEC9_12_HDMI_TXD0_:DRV.NEAREND:RX.1"/></o></c><c K="25"><o N="NVEC9_12_HDMI_TXD0_:DRV.NEAREND:RX.1"><a N="PROPAGATION_DELAY_MAX"><v V="0.4 ns"/><o>1</o></a><a N="RELATIVE_PROPAGATION_DELAY_SCOPE"><v V="G"/><o>1</o><p K="24" N="NVEC9_12_HDMI_TXD0_:NVMG2_HDMIHDMI_DATA"/></a><a N="RELATIVE_PROPAGATION_DELAY_CNS"><v V=":0.09 ns"/><o>1</o><p K="24" N="NVEC9_12_HDMI_TXD0_:NVMG2_HDMIHDMI_DATA"/></a></o></c></o><o N="@p3449_b01_lib.p3449_b01(sch_1):\NVEC2_2_PCIE0_RX0_\" T="T50" A="NVEC2_2_PCIE0_RX0_"><a N="DIFFP_PHASE_TOL"><v V="1 ps"/><o>1</o></a><a N="TOPOLOGY_TEMPLATE_REVISION"><v V="1.0"/><o>1</o></a><c K="25"><o N="NVEC2_2_PCIE0_RX0_:DRV.NEAREND:RX.FAREND"><a N="PROPAGATION_DELAY_MAX"><v V="0.64 ns"/><o>1</o></a></o></c></o><o N="@p3449_b01_lib.p3449_b01(sch_1):\NVEC8_10_CSIC_D0_\" T="T51" A="NVEC8_10_CSIC_D0_"><a N="DIFFP_PHASE_TOL"><v V="1 ps"/><o>1</o></a><a N="TOPOLOGY_TEMPLATE_REVISION"><v V="1.0"/><o>1</o></a><a N="RATSNEST_SCHEDULE"><v V="TEMPLATE"/><s>65536</s><o>1</o></a><c K="24"><o N="NVEC8_10_CSIC_D0_:NVMG1_CSICSI_CLK"><m K="25" N="NVEC8_10_CSIC_D0_:DRV.1:RX.FAREND"/></o></c><c K="25"><o N="NVEC8_10_CSIC_D0_:DRV.1:RX.FAREND"><a N="PROPAGATION_DELAY_MAX"><v V="0.81 ns"/><o>1</o></a><a N="RELATIVE_PROPAGATION_DELAY_SCOPE"><v V="G"/><o>1</o><p K="24" N="NVEC8_10_CSIC_D0_:NVMG1_CSICSI_CLK"/></a><a N="RELATIVE_PROPAGATION_DELAY_CNS"><v V="1e-006 ns:0.008 ns"/><o>1</o><p K="24" N="NVEC8_10_CSIC_D0_:NVMG1_CSICSI_CLK"/></a></o></c></o><o N="@p3449_b01_lib.p3449_b01(sch_1):\NVEC7_8_CSIA_D0_\" T="T52" A="NVEC7_8_CSIA_D0_"><a N="DIFFP_PHASE_TOL"><v V="1 ps"/><o>1</o></a><a N="TOPOLOGY_TEMPLATE_REVISION"><v V="1.0"/><o>1</o></a><a N="RATSNEST_SCHEDULE"><v V="TEMPLATE"/><s>65536</s><o>1</o></a><c K="24"><o N="NVEC7_8_CSIA_D0_:NVMG0_CSICSI_CLK"><m K="25" N="NVEC7_8_CSIA_D0_:DRV.1:RX.FAREND"/></o></c><c K="25"><o N="NVEC7_8_CSIA_D0_:DRV.1:RX.FAREND"><a N="PROPAGATION_DELAY_MAX"><v V="0.81 ns"/><o>1</o></a><a N="RELATIVE_PROPAGATION_DELAY_SCOPE"><v V="G"/><o>1</o><p K="24" N="NVEC7_8_CSIA_D0_:NVMG0_CSICSI_CLK"/></a><a N="RELATIVE_PROPAGATION_DELAY_CNS"><v V="1e-006 ns:0.008 ns"/><o>1</o><p K="24" N="NVEC7_8_CSIA_D0_:NVMG0_CSICSI_CLK"/></a></o></c></o><o N="@p3449_b01_lib.p3449_b01(sch_1):\NVEC5_5_CSIC_CLK_P\" T="T53" A="NVEC5_5_CSIC_CLK_P"><a N="TOPOLOGY_TEMPLATE_REVISION"><v V="1.0"/><o>1</o></a><a N="RATSNEST_SCHEDULE"><v V="TEMPLATE"/><s>65536</s><o>1</o></a><c K="24"><o N="NVEC5_5_CSIC_CLK_P:NVMG1_CSICSI_CLK"><m K="25" N="NVEC5_5_CSIC_CLK_P:DRV.1:RX.FAREND"/></o></c><c K="25"><o N="NVEC5_5_CSIC_CLK_P:DRV.1:RX.FAREND"><a N="PROPAGATION_DELAY_MAX"><v V="0.81 ns"/><o>1</o></a><a N="RELATIVE_PROPAGATION_DELAY_SCOPE"><v V="G"/><o>1</o><p K="24" N="NVEC5_5_CSIC_CLK_P:NVMG1_CSICSI_CLK"/></a><a N="RELATIVE_PROPAGATION_DELAY_CNS"><v V="0 ns:0 ns"/><o>1</o><p K="24" N="NVEC5_5_CSIC_CLK_P:NVMG1_CSICSI_CLK"/></a></o></c></o><o N="@p3449_b01_lib.p3449_b01(sch_1):\NVEC4_4_CSIA_CLK_P\" T="T54" A="NVEC4_4_CSIA_CLK_P"><a N="TOPOLOGY_TEMPLATE_REVISION"><v V="1.0"/><o>1</o></a><a N="RATSNEST_SCHEDULE"><v V="TEMPLATE"/><s>65536</s><o>1</o></a><c K="24"><o N="NVEC4_4_CSIA_CLK_P:NVMG0_CSICSI_CLK"><m K="25" N="NVEC4_4_CSIA_CLK_P:DRV.1:RX.FAREND"/></o></c><c K="25"><o N="NVEC4_4_CSIA_CLK_P:DRV.1:RX.FAREND"><a N="PROPAGATION_DELAY_MAX"><v V="0.81 ns"/><o>1</o></a><a N="RELATIVE_PROPAGATION_DELAY_SCOPE"><v V="G"/><o>1</o><p K="24" N="NVEC4_4_CSIA_CLK_P:NVMG0_CSICSI_CLK"/></a><a N="RELATIVE_PROPAGATION_DELAY_CNS"><v V="0 ns:0 ns"/><o>1</o><p K="24" N="NVEC4_4_CSIA_CLK_P:NVMG0_CSICSI_CLK"/></a></o></c></o><o N="@p3449_b01_lib.p3449_b01(sch_1):\NVEC23_43_SPI1_DATA1\" T="T55" A="NVEC23_43_SPI1_DATA1"><a N="TOPOLOGY_TEMPLATE_REVISION"><v V="1.0"/><o>1</o></a><c K="24"><o N="NVEC23_43_SPI1_DATA1:NVMG8_SPI2SPI2_CLK"><m K="25" N="NVEC23_43_SPI1_DATA1:DRV.NEAREND:RX.FAREND"/></o></c><c K="25"><o N="NVEC23_43_SPI1_DATA1:DRV.NEAREND:RX.FAREND"><a N="IMPEDANCE_RULE_CNS"><v V="50"/><o>1</o></a><a N="IMPEDANCE_RULE_CNS_TOL"><v V="2 %"/><o>1</o></a><a N="PROPAGATION_DELAY_MAX"><v V="0.6 ns"/><o>1</o></a><a N="RELATIVE_PROPAGATION_DELAY_SCOPE"><v V="G"/><o>1</o><p K="24" N="NVEC23_43_SPI1_DATA1:NVMG8_SPI2SPI2_CLK"/></a><a N="RELATIVE_PROPAGATION_DELAY_CNS"><v V="1e-006 ns:0.03 ns"/><o>1</o><p K="24" N="NVEC23_43_SPI1_DATA1:NVMG8_SPI2SPI2_CLK"/></a></o></c></o><o N="@p3449_b01_lib.p3449_b01(sch_1):\NVEC22_42_SPI1_SCK\" T="T56" A="NVEC22_42_SPI1_SCK"><a N="TOPOLOGY_TEMPLATE_REVISION"><v V="1.0"/><o>1</o></a><c K="24"><o N="NVEC22_42_SPI1_SCK:NVMG8_SPI2SPI2_CLK"><m K="25" N="NVEC22_42_SPI1_SCK:DRV.NEAREND:RX.FAREND"/></o></c><c K="25"><o N="NVEC22_42_SPI1_SCK:DRV.NEAREND:RX.FAREND"><a N="IMPEDANCE_RULE_CNS"><v V="50"/><o>1</o></a><a N="IMPEDANCE_RULE_CNS_TOL"><v V="2 %"/><o>1</o></a><a N="PROPAGATION_DELAY_MAX"><v V="0.6 ns"/><o>1</o></a><a N="RELATIVE_PROPAGATION_DELAY_SCOPE"><v V="G"/><o>1</o><p K="24" N="NVEC22_42_SPI1_SCK:NVMG8_SPI2SPI2_CLK"/></a><a N="RELATIVE_PROPAGATION_DELAY_CNS"><v V="0 ns:0 ns"/><o>1</o><p K="24" N="NVEC22_42_SPI1_SCK:NVMG8_SPI2SPI2_CLK"/></a></o></c></o><o N="@p3449_b01_lib.p3449_b01(sch_1):\NVEC21_38_SPI0_DATA1\" T="T57" A="NVEC21_38_SPI0_DATA1"><a N="TOPOLOGY_TEMPLATE_REVISION"><v V="1.0"/><o>1</o></a><c K="24"><o N="NVEC21_38_SPI0_DATA1:NVMG7_SPI1SPI1_CLK"><m K="25" N="NVEC21_38_SPI0_DATA1:DRV.NEAREND:RX.FAREND"/></o></c><c K="25"><o N="NVEC21_38_SPI0_DATA1:DRV.NEAREND:RX.FAREND"><a N="IMPEDANCE_RULE_CNS"><v V="50"/><o>1</o></a><a N="IMPEDANCE_RULE_CNS_TOL"><v V="2 %"/><o>1</o></a><a N="PROPAGATION_DELAY_MAX"><v V="0.6 ns"/><o>1</o></a><a N="RELATIVE_PROPAGATION_DELAY_SCOPE"><v V="G"/><o>1</o><p K="24" N="NVEC21_38_SPI0_DATA1:NVMG7_SPI1SPI1_CLK"/></a><a N="RELATIVE_PROPAGATION_DELAY_CNS"><v V="1e-006 ns:0.03 ns"/><o>1</o><p K="24" N="NVEC21_38_SPI0_DATA1:NVMG7_SPI1SPI1_CLK"/></a></o></c></o><o N="@p3449_b01_lib.p3449_b01(sch_1):\NVEC20_37_SPI0_SCK\" T="T58" A="NVEC20_37_SPI0_SCK"><a N="TOPOLOGY_TEMPLATE_REVISION"><v V="1.0"/><o>1</o></a><c K="24"><o N="NVEC20_37_SPI0_SCK:NVMG7_SPI1SPI1_CLK"><m K="25" N="NVEC20_37_SPI0_SCK:DRV.NEAREND:RX.FAREND"/></o></c><c K="25"><o N="NVEC20_37_SPI0_SCK:DRV.NEAREND:RX.FAREND"><a N="IMPEDANCE_RULE_CNS"><v V="50"/><o>1</o></a><a N="IMPEDANCE_RULE_CNS_TOL"><v V="2 %"/><o>1</o></a><a N="PROPAGATION_DELAY_MAX"><v V="0.6 ns"/><o>1</o></a><a N="RELATIVE_PROPAGATION_DELAY_SCOPE"><v V="G"/><o>1</o><p K="24" N="NVEC20_37_SPI0_SCK:NVMG7_SPI1SPI1_CLK"/></a><a N="RELATIVE_PROPAGATION_DELAY_CNS"><v V="0 ns:0 ns"/><o>1</o><p K="24" N="NVEC20_37_SPI0_SCK:NVMG7_SPI1SPI1_CLK"/></a></o></c></o><o N="@p3449_b01_lib.p3449_b01(sch_1):\NVEC19_34_I2S1_LRCK\" T="T59" A="NVEC19_34_I2S1_LRCK"><a N="TOPOLOGY_TEMPLATE_REVISION"><v V="1.0"/><o>1</o></a><c K="24"><o N="NVEC19_34_I2S1_LRCK:NVMG6_DAP3DAP3_CLK"><m K="25" N="NVEC19_34_I2S1_LRCK:DRV.NEAREND:RX.FAREND"/></o></c><c K="25"><o N="NVEC19_34_I2S1_LRCK:DRV.NEAREND:RX.FAREND"><a N="IMPEDANCE_RULE_CNS"><v V="50"/><o>1</o></a><a N="IMPEDANCE_RULE_CNS_TOL"><v V="2 %"/><o>1</o></a><a N="PROPAGATION_DELAY_MAX"><v V="1.5 ns"/><o>1</o></a><a N="RELATIVE_PROPAGATION_DELAY_SCOPE"><v V="G"/><o>1</o><p K="24" N="NVEC19_34_I2S1_LRCK:NVMG6_DAP3DAP3_CLK"/></a><a N="RELATIVE_PROPAGATION_DELAY_CNS"><v V="1e-006 ns:0.1 ns"/><o>1</o><p K="24" N="NVEC19_34_I2S1_LRCK:NVMG6_DAP3DAP3_CLK"/></a></o></c></o><o N="@p3449_b01_lib.p3449_b01(sch_1):\NVEC18_33_I2S1_SCLK\" T="T60" A="NVEC18_33_I2S1_SCLK"><a N="TOPOLOGY_TEMPLATE_REVISION"><v V="1.0"/><o>1</o></a><c K="24"><o N="NVEC18_33_I2S1_SCLK:NVMG6_DAP3DAP3_CLK"><m K="25" N="NVEC18_33_I2S1_SCLK:DRV.NEAREND:RX.FAREND"/></o></c><c K="25"><o N="NVEC18_33_I2S1_SCLK:DRV.NEAREND:RX.FAREND"><a N="IMPEDANCE_RULE_CNS"><v V="50"/><o>1</o></a><a N="IMPEDANCE_RULE_CNS_TOL"><v V="2 %"/><o>1</o></a><a N="PROPAGATION_DELAY_MAX"><v V="1.5 ns"/><o>1</o></a><a N="RELATIVE_PROPAGATION_DELAY_SCOPE"><v V="G"/><o>1</o><p K="24" N="NVEC18_33_I2S1_SCLK:NVMG6_DAP3DAP3_CLK"/></a><a N="RELATIVE_PROPAGATION_DELAY_CNS"><v V="0 ns:0 ns"/><o>1</o><p K="24" N="NVEC18_33_I2S1_SCLK:NVMG6_DAP3DAP3_CLK"/></a></o></c></o><o N="@p3449_b01_lib.p3449_b01(sch_1):\NVEC17_30_I2S0_LRCK\" T="T61" A="NVEC17_30_I2S0_LRCK"><a N="TOPOLOGY_TEMPLATE_REVISION"><v V="1.0"/><o>1</o></a><c K="24"><o N="NVEC17_30_I2S0_LRCK:NVMG5_DAP1DAP1_CLK"><m K="25" N="NVEC17_30_I2S0_LRCK:DRV.NEAREND:RX.FAREND"/></o></c><c K="25"><o N="NVEC17_30_I2S0_LRCK:DRV.NEAREND:RX.FAREND"><a N="IMPEDANCE_RULE_CNS"><v V="50"/><o>1</o></a><a N="IMPEDANCE_RULE_CNS_TOL"><v V="2 %"/><o>1</o></a><a N="PROPAGATION_DELAY_MAX"><v V="1.5 ns"/><o>1</o></a><a N="RELATIVE_PROPAGATION_DELAY_SCOPE"><v V="G"/><o>1</o><p K="24" N="NVEC17_30_I2S0_LRCK:NVMG5_DAP1DAP1_CLK"/></a><a N="RELATIVE_PROPAGATION_DELAY_CNS"><v V="1e-006 ns:0.1 ns"/><o>1</o><p K="24" N="NVEC17_30_I2S0_LRCK:NVMG5_DAP1DAP1_CLK"/></a></o></c></o><o N="@p3449_b01_lib.p3449_b01(sch_1):\NVEC16_29_I2S0_SCLK\" T="T62" A="NVEC16_29_I2S0_SCLK"><a N="TOPOLOGY_TEMPLATE_REVISION"><v V="1.0"/><o>1</o></a><c K="24"><o N="NVEC16_29_I2S0_SCLK:NVMG5_DAP1DAP1_CLK"><m K="25" N="NVEC16_29_I2S0_SCLK:DRV.NEAREND:RX.FAREND"/></o></c><c K="25"><o N="NVEC16_29_I2S0_SCLK:DRV.NEAREND:RX.FAREND"><a N="IMPEDANCE_RULE_CNS"><v V="50"/><o>1</o></a><a N="IMPEDANCE_RULE_CNS_TOL"><v V="2 %"/><o>1</o></a><a N="PROPAGATION_DELAY_MAX"><v V="1.5 ns"/><o>1</o></a><a N="RELATIVE_PROPAGATION_DELAY_SCOPE"><v V="G"/><o>1</o><p K="24" N="NVEC16_29_I2S0_SCLK:NVMG5_DAP1DAP1_CLK"/></a><a N="RELATIVE_PROPAGATION_DELAY_CNS"><v V="0 ns:0 ns"/><o>1</o><p K="24" N="NVEC16_29_I2S0_SCLK:NVMG5_DAP1DAP1_CLK"/></a></o></c></o><o N="@p3449_b01_lib.p3449_b01(sch_1):\NVEC10_16_GBE_MDI0_\" T="T63" A="NVEC10_16_GBE_MDI0_"><a N="DIFFP_PHASE_TOL"><v V="1 ps"/><o>1</o></a><a N="TOPOLOGY_TEMPLATE_REVISION"><v V="1.0"/><o>1</o></a><c K="24"><o N="NVEC10_16_GBE_MDI0_:NVMG3_ETHETH_DATA"><m K="25" N="NVEC10_16_GBE_MDI0_:DRV.NEAREND:RX.FAREND"/></o></c><c K="25"><o N="NVEC10_16_GBE_MDI0_:DRV.NEAREND:RX.FAREND"><a N="RELATIVE_PROPAGATION_DELAY_SCOPE"><v V="G"/><o>1</o><p K="24" N="NVEC10_16_GBE_MDI0_:NVMG3_ETHETH_DATA"/></a><a N="RELATIVE_PROPAGATION_DELAY_CNS"><v V=":0.1 ns"/><o>1</o><p K="24" N="NVEC10_16_GBE_MDI0_:NVMG3_ETHETH_DATA"/></a></o></c></o><o N="@p3449_b01_lib.p3449_b01(sch_1):\NVEC12_24_USB0_AP\" T="T64" A="NVEC12_24_USB0_AP"><a N="DIFFP_PHASE_TOL"><v V="1 ps"/><o>1</o></a><a N="TOPOLOGY_TEMPLATE_REVISION"><v V="1.0"/><o>1</o></a><a N="RATSNEST_SCHEDULE"><v V="TEMPLATE"/><s>65536</s><o>1</o></a><c K="25"><o N="NVEC12_24_USB0_AP:DRV.1:RX.1"><a N="PROPAGATION_DELAY_MAX"><v V="0.8 ns"/><o>1</o></a></o></c></o><o N="@p3449_b01_lib.p3449_b01(sch_1):\NVEC6_6_CSIA_CLK_N\" T="T65" A="NVEC6_6_CSIA_CLK_N"><a N="TOPOLOGY_TEMPLATE_REVISION"><v V="1.0"/><o>1</o></a><a N="RATSNEST_SCHEDULE"><v V="TEMPLATE"/><s>65536</s><o>1</o></a><c K="25"><o N="NVEC6_6_CSIA_CLK_N:DRV.1:RX.FAREND"><a N="PROPAGATION_DELAY_MAX"><v V="0.81 ns"/><o>1</o></a></o></c></o><o N="@p3449_b01_lib.p3449_b01(sch_1):\NVEC13_25_USB1_AP\" T="T66" A="NVEC13_25_USB1_AP"><a N="DIFFP_PHASE_TOL"><v V="1 ps"/><o>1</o></a><a N="TOPOLOGY_TEMPLATE_REVISION"><v V="1.0"/><o>1</o></a><c K="25"><o N="NVEC13_25_USB1_AP:DRV.NEAREND:RX.FAREND"><a N="PROPAGATION_DELAY_MAX"><v V="0.8 ns"/><o>1</o></a></o></c></o><o N="@p3449_b01_lib.p3449_b01(sch_1):\NVEC3_3_PCIE0_TX0_\" T="T67" A="NVEC3_3_PCIE0_TX0_"><a N="DIFFP_PHASE_TOL"><v V="1 ps"/><o>1</o></a><a N="TOPOLOGY_TEMPLATE_REVISION"><v V="1.0"/><o>1</o></a><c K="25"><o N="NVEC3_3_PCIE0_TX0_:DRV.NEAREND:RX.FAREND"><a N="PROPAGATION_DELAY_MAX"><v V="0.64 ns"/><o>1</o></a></o></c></o><o N="@p3449_b01_lib.p3449_b01(sch_1):\NVEC1_1_PCIE0_CLK_\" T="T68" A="NVEC1_1_PCIE0_CLK_"><a N="DIFFP_PHASE_TOL"><v V="1 ps"/><o>1</o></a><a N="TOPOLOGY_TEMPLATE_REVISION"><v V="1.0"/><o>1</o></a><c K="25"><o N="NVEC1_1_PCIE0_CLK_:DRV.NEAREND:RX.FAREND"><a N="PROPAGATION_DELAY_MAX"><v V="0.64 ns"/><o>1</o></a></o></c></o></root>