<?xml version="1.0" encoding="UTF-8" standalone="no"?><root><o N="@p3449_b01_lib.p3449_b01(sch_1):\NVMG3_ETHETH_DATA\" A="NVMG3_ETHETH_DATA"><m K="20" N="@p3449_b01_lib.p3449_b01(sch_1):\PP2\"/><m K="20" N="@p3449_b01_lib.p3449_b01(sch_1):\PP1\"/><m K="20" N="@p3449_b01_lib.p3449_b01(sch_1):\PP3\"/><m K="20" N="@p3449_b01_lib.p3449_b01(sch_1):\PP4\"/><m K="20" N="@p3449_b01_lib.p3449_b01(sch_1):\PP5\"/><m K="20" N="@p3449_b01_lib.p3449_b01(sch_1):\PP6\"/><m K="20" N="@p3449_b01_lib.p3449_b01(sch_1):\PP8\"/><m K="20" N="@p3449_b01_lib.p3449_b01(sch_1):\PP7\"/></o><o N="@p3449_b01_lib.p3449_b01(sch_1):\NVMG4_DPDP_DATA\" A="NVMG4_DPDP_DATA"><m K="20" N="@p3449_b00_lib.p3449_b00(sch_1):\PP5\"/><m K="20" N="@p3449_b00_lib.p3449_b00(sch_1):\PP11\"/><m K="20" N="@p3449_b00_lib.p3449_b00(sch_1):\PP20\"/><m K="20" N="@p3449_b00_lib.p3449_b00(sch_1):\PP23\"/><m K="20" N="@p3449_b00_lib.p3449_b00(sch_1):\PP24\"/><m K="20" N="@p3449_b00_lib.p3449_b00(sch_1):\PP87\"/><m K="20" N="@p3449_b00_lib.p3449_b00(sch_1):\PP26\"/><m K="20" N="@p3449_b00_lib.p3449_b00(sch_1):\PP27\"/></o><o N="@p3449_b01_lib.p3449_b01(sch_1):\NVMG2_HDMIHDMI_DATA\" A="NVMG2_HDMIHDMI_DATA"><m K="20" N="@p3449_b00_lib.p3449_b00(sch_1):\PP3\"/><m K="20" N="@p3449_b00_lib.p3449_b00(sch_1):\PP22\"/><m K="20" N="@p3449_b00_lib.p3449_b00(sch_1):\PP32\"/><m K="20" N="@p3449_b00_lib.p3449_b00(sch_1):\PP38\"/><m K="20" N="@p3449_b00_lib.p3449_b00(sch_1):\PP40\"/><m K="20" N="@p3449_b00_lib.p3449_b00(sch_1):\PP69\"/><m K="20" N="@p3449_b00_lib.p3449_b00(sch_1):\PP42\"/><m K="20" N="@p3449_b00_lib.p3449_b00(sch_1):\PP43\"/></o><o N="@p3449_b01_lib.p3449_b01(sch_1):\NVMG5_DAP1DAP1_CLK\" A="NVMG5_DAP1DAP1_CLK"><m K="20" N="@p3449_b01_lib.p3449_b01(sch_1):\PP165\"/><m K="20" N="@p3449_b01_lib.p3449_b01(sch_1):\PP187\"/><m K="20" N="@p3449_b01_lib.p3449_b01(sch_1):\PP188\"/><m K="20" N="@p3449_b01_lib.p3449_b01(sch_1):\PP189\"/></o><o N="@p3449_b01_lib.p3449_b01(sch_1):\NVMG6_DAP3DAP3_CLK\" A="NVMG6_DAP3DAP3_CLK"><m K="20" N="@p3449_b01_lib.p3449_b01(sch_1):\PP171\"/><m K="20" N="@p3449_b01_lib.p3449_b01(sch_1):\PP193\"/><m K="20" N="@p3449_b01_lib.p3449_b01(sch_1):\PP170\"/><m K="20" N="@p3449_b01_lib.p3449_b01(sch_1):\PP190\"/></o><o N="@p3449_b01_lib.p3449_b01(sch_1):\NVMG7_SPI1SPI1_CLK\" A="NVMG7_SPI1SPI1_CLK"><m K="20" N="@p3449_b01_lib.p3449_b01(sch_1):\PP194\"/><m K="20" N="@p3449_b01_lib.p3449_b01(sch_1):\PP195\"/><m K="20" N="@p3449_b01_lib.p3449_b01(sch_1):\PP196\"/><m K="20" N="@p3449_b01_lib.p3449_b01(sch_1):\PP197\"/><m K="20" N="@p3449_b01_lib.p3449_b01(sch_1):\PP177\"/></o><o N="@p3449_b01_lib.p3449_b01(sch_1):\NVMG8_SPI2SPI2_CLK\" A="NVMG8_SPI2SPI2_CLK"><m K="20" N="@p3449_b01_lib.p3449_b01(sch_1):\PP178\"/><m K="20" N="@p3449_b00_lib.p3449_b00(sch_1):\PP4\"/><m K="20" N="@p3449_b01_lib.p3449_b01(sch_1):\PP179\"/><m K="20" N="@p3449_b01_lib.p3449_b01(sch_1):\PP180\"/><m K="20" N="@p3449_b01_lib.p3449_b01(sch_1):\PP181\"/></o></root>