<?xml version="1.0" encoding="UTF-8" standalone="no"?><root><o N="@p3449_b01_lib.p3449_b01(sch_1):\60V_SPACING_NETCLASS1\" A="60V_SPACING_NETCLASS1"><f>536576</f><a N="PHYSICAL_CONSTRAINT_SET"><v V="@p3449_b01_lib.p3449_b01(sch_1):\60V_SPACING_NETCLASS1\"/><o>2</o></a><a N="SPACING_CONSTRAINT_SET"><v V="@p3449_b01_lib.p3449_b01(sch_1):\60V_SPACING_NETCLASS1\"/><o>2</o></a><a N="SAME_NET_SPACING_CONSTRAINT_SET"><v V="@p3449_b01_lib.p3449_b01(sch_1):\60V_SPACING_NETCLASS1\"/><o>2</o></a><r K="39" N="@p3449_b01_lib.p3449_b01(sch_1):\60V_SPACING_NETCLASS1\"/><r K="40" N="@p3449_b01_lib.p3449_b01(sch_1):\60V_SPACING_NETCLASS1\"/><r K="46" N="@p3449_b01_lib.p3449_b01(sch_1):\60V_SPACING_NETCLASS1\"/></o><o N="@p3449_b01_lib.p3449_b01(sch_1):\60V_SPACING_NETCLASS2\" A="60V_SPACING_NETCLASS2"><f>536576</f><a N="PHYSICAL_CONSTRAINT_SET"><v V="@p3449_b01_lib.p3449_b01(sch_1):\60V_SPACING_NETCLASS2\"/><o>2</o></a><a N="SPACING_CONSTRAINT_SET"><v V="@p3449_b01_lib.p3449_b01(sch_1):\60V_SPACING_NETCLASS2\"/><o>2</o></a><a N="SAME_NET_SPACING_CONSTRAINT_SET"><v V="@p3449_b01_lib.p3449_b01(sch_1):\60V_SPACING_NETCLASS2\"/><o>2</o></a><r K="39" N="@p3449_b01_lib.p3449_b01(sch_1):\60V_SPACING_NETCLASS2\"/><r K="40" N="@p3449_b01_lib.p3449_b01(sch_1):\60V_SPACING_NETCLASS2\"/><r K="46" N="@p3449_b01_lib.p3449_b01(sch_1):\60V_SPACING_NETCLASS2\"/><m K="10" N="@p3449_b01_lib.p3449_b01(sch_1):poe_vc1"/><m K="10" N="@p3449_b01_lib.p3449_b01(sch_1):poe_vc2"/><m K="10" N="@p3449_b01_lib.p3449_b01(sch_1):poe_vc3"/><m K="10" N="@p3449_b01_lib.p3449_b01(sch_1):poe_vc4"/></o><o N="@p3449_b01_lib.p3449_b01(sch_1):\PEXGEN3_SIGNALS\" A="PEXGEN3_SIGNALS"><f>536576</f><a N="PHYSICAL_CONSTRAINT_SET"><v V="@p3449_b01_lib.p3449_b01(sch_1):\PEXGEN3_SIGNALS\"/><o>2</o></a><a N="SPACING_CONSTRAINT_SET"><v V="@p3449_b01_lib.p3449_b01(sch_1):\PEXGEN3_SIGNALS\"/><o>2</o></a><a N="SAME_NET_SPACING_CONSTRAINT_SET"><v V="@p3449_b01_lib.p3449_b01(sch_1):\PEXGEN3_SIGNALS\"/><o>2</o></a><a N="DIFFP_UNCOUPLED_LENGTH"><v V="3.810"/><o>1</o></a><a N="DIFFP_PHASE_TOL"><v V="1 ps"/><o>1</o></a><r K="39" N="@p3449_b01_lib.p3449_b01(sch_1):\PEXGEN3_SIGNALS\"/><r K="40" N="@p3449_b01_lib.p3449_b01(sch_1):\PEXGEN3_SIGNALS\"/><r K="46" N="@p3449_b01_lib.p3449_b01(sch_1):\PEXGEN3_SIGNALS\"/><m K="18" N="@p3449_a02_lib.p3449_a02(sch_1):\PEX_CLK1\"/><m K="18" N="@p3449_a02_lib.p3449_a02(sch_1):\PEX_RX4_AP\"/><m K="18" N="@p3449_a02_lib.p3449_a02(sch_1):\PEX_TX4_AP\"/></o><o N="@p3449_b01_lib.p3449_b01(sch_1):\DAP_SIGNALS\" A="DAP_SIGNALS"><f>536576</f><a N="PHYSICAL_CONSTRAINT_SET"><v V="@p3449_b01_lib.p3449_b01(sch_1):\DAP_SIGNALS\"/><o>2</o></a><a N="SPACING_CONSTRAINT_SET"><v V="@p3449_b01_lib.p3449_b01(sch_1):\DAP_SIGNALS\"/><o>2</o></a><a N="SAME_NET_SPACING_CONSTRAINT_SET"><v V="@p3449_b01_lib.p3449_b01(sch_1):\DAP_SIGNALS\"/><o>2</o></a><a N="DIFFP_UNCOUPLED_LENGTH"><v V="3.810"/><o>1</o></a><a N="DIFFP_PHASE_TOL"><v V="1 ps"/><o>1</o></a><r K="39" N="@p3449_b01_lib.p3449_b01(sch_1):\DAP_SIGNALS\"/><r K="40" N="@p3449_b01_lib.p3449_b01(sch_1):\DAP_SIGNALS\"/><r K="46" N="@p3449_b01_lib.p3449_b01(sch_1):\DAP_SIGNALS\"/><m K="10" N="@p3449_b01_lib.p3449_b01(sch_1):spi1_cs0"/><m K="10" N="@p3449_b01_lib.p3449_b01(sch_1):spi1_cs1"/><m K="10" N="@p3449_b01_lib.p3449_b01(sch_1):spi1_miso"/><m K="10" N="@p3449_b01_lib.p3449_b01(sch_1):spi1_mosi"/><m K="10" N="@p3449_b01_lib.p3449_b01(sch_1):spi1_sck"/><m K="10" N="@p3449_b01_lib.p3449_b01(sch_1):i2s0_lrck"/><m K="10" N="@p3449_b01_lib.p3449_b01(sch_1):i2s0_sclk"/><m K="10" N="@p3449_b01_lib.p3449_b01(sch_1):i2s0_sdin"/><m K="10" N="@p3449_b01_lib.p3449_b01(sch_1):i2s0_sdout"/><m K="10" N="@p3449_b01_lib.p3449_b01(sch_1):i2s1_lrck"/><m K="10" N="@p3449_b01_lib.p3449_b01(sch_1):i2s1_sclk"/><m K="10" N="@p3449_b01_lib.p3449_b01(sch_1):i2s1_sdin"/><m K="10" N="@p3449_b01_lib.p3449_b01(sch_1):i2s1_sdout"/><m K="10" N="@p3449_b01_lib.p3449_b01(sch_1):spi0_cs0"/><m K="10" N="@p3449_b01_lib.p3449_b01(sch_1):spi0_cs1"/><m K="10" N="@p3449_b01_lib.p3449_b01(sch_1):spi0_miso"/><m K="10" N="@p3449_b01_lib.p3449_b01(sch_1):spi0_mosi"/><m K="10" N="@p3449_b01_lib.p3449_b01(sch_1):spi0_sck"/></o><o N="@p3449_b01_lib.p3449_b01(sch_1):\HDMI_SIGNALS\" A="HDMI_SIGNALS"><f>536576</f><a N="PHYSICAL_CONSTRAINT_SET"><v V="@p3449_b01_lib.p3449_b01(sch_1):\HDMI_SIGNALS\"/><o>2</o></a><a N="SPACING_CONSTRAINT_SET"><v V="@p3449_b01_lib.p3449_b01(sch_1):\HDMI_SIGNALS\"/><o>2</o></a><a N="SAME_NET_SPACING_CONSTRAINT_SET"><v V="@p3449_b01_lib.p3449_b01(sch_1):\HDMI_SIGNALS\"/><o>2</o></a><a N="DIFFP_UNCOUPLED_LENGTH"><v V="3.810"/><o>1</o></a><a N="DIFFP_PHASE_TOL"><v V="1 ps"/><o>1</o></a><r K="39" N="@p3449_b01_lib.p3449_b01(sch_1):\HDMI_SIGNALS\"/><r K="40" N="@p3449_b01_lib.p3449_b01(sch_1):\HDMI_SIGNALS\"/><r K="46" N="@p3449_b01_lib.p3449_b01(sch_1):\HDMI_SIGNALS\"/><m K="18" N="@p3449_a02_lib.p3449_a02(sch_1):\HDMI_TXD3\"/><m K="18" N="@p3449_a02_lib.p3449_a02(sch_1):\HDMI_TXD0\"/><m K="18" N="@p3449_a02_lib.p3449_a02(sch_1):\HDMI_TXD1\"/><m K="18" N="@p3449_a02_lib.p3449_a02(sch_1):\HDMI_TXD2_CON\"/></o><o N="@p3449_b01_lib.p3449_b01(sch_1):\CSI_NCLS\" A="CSI_NCLS"><f>536576</f><a N="PHYSICAL_CONSTRAINT_SET"><v V="@p3449_b01_lib.p3449_b01(sch_1):\CSI_NCLS\"/><o>2</o></a><a N="SPACING_CONSTRAINT_SET"><v V="@p3449_b01_lib.p3449_b01(sch_1):\CSI_NCLS\"/><o>2</o></a><a N="SAME_NET_SPACING_CONSTRAINT_SET"><v V="@p3449_b01_lib.p3449_b01(sch_1):\CSI_NCLS\"/><o>2</o></a><a N="DIFFP_UNCOUPLED_LENGTH"><v V="3.810"/><o>1</o></a><a N="DIFFP_PHASE_TOL"><v V="1 ps"/><o>1</o></a><r K="39" N="@p3449_b01_lib.p3449_b01(sch_1):\CSI_NCLS\"/><r K="40" N="@p3449_b01_lib.p3449_b01(sch_1):\CSI_NCLS\"/><r K="46" N="@p3449_b01_lib.p3449_b01(sch_1):\CSI_NCLS\"/><m K="18" N="@p3449_a02_lib.p3449_a02(sch_1):\CSI_A_CLK\"/><m K="18" N="@p3449_a02_lib.p3449_a02(sch_1):\CSI_A_D0\"/><m K="18" N="@p3449_a02_lib.p3449_a02(sch_1):\CSI_A_D1\"/><m K="18" N="@p3449_a02_lib.p3449_a02(sch_1):\CSI_E_CLK\"/><m K="18" N="@p3449_a02_lib.p3449_a02(sch_1):\CSI_E_D0\"/><m K="18" N="@p3449_a02_lib.p3449_a02(sch_1):\CSI_E_D1\"/></o><o N="@p3449_b01_lib.p3449_b01(sch_1):\GENERIC_SEZ2\" A="GENERIC_SEZ2"><f>536576</f><a N="PHYSICAL_CONSTRAINT_SET"><v V="@p3449_b01_lib.p3449_b01(sch_1):\GENERIC_SEZ2\"/><o>2</o></a><a N="SPACING_CONSTRAINT_SET"><v V="@p3449_b01_lib.p3449_b01(sch_1):\GENERIC_SEZ2\"/><o>2</o></a><a N="SAME_NET_SPACING_CONSTRAINT_SET"><v V="@p3449_b01_lib.p3449_b01(sch_1):\GENERIC_SEZ2\"/><o>2</o></a><r K="39" N="@p3449_b01_lib.p3449_b01(sch_1):\GENERIC_SEZ2\"/><r K="40" N="@p3449_b01_lib.p3449_b01(sch_1):\GENERIC_SEZ2\"/><r K="46" N="@p3449_b01_lib.p3449_b01(sch_1):\GENERIC_SEZ2\"/></o><o N="@p3449_b01_lib.p3449_b01(sch_1):\GENERIC_SEZ1\" A="GENERIC_SEZ1"><f>536576</f><a N="PHYSICAL_CONSTRAINT_SET"><v V="@p3449_b01_lib.p3449_b01(sch_1):\GENERIC_SEZ1\"/><o>2</o></a><a N="SPACING_CONSTRAINT_SET"><v V="@p3449_b01_lib.p3449_b01(sch_1):\GENERIC_SEZ1\"/><o>2</o></a><a N="SAME_NET_SPACING_CONSTRAINT_SET"><v V="@p3449_b01_lib.p3449_b01(sch_1):\GENERIC_SEZ1\"/><o>2</o></a><r K="39" N="@p3449_b01_lib.p3449_b01(sch_1):\GENERIC_SEZ1\"/><r K="40" N="@p3449_b01_lib.p3449_b01(sch_1):\GENERIC_SEZ1\"/><r K="46" N="@p3449_b01_lib.p3449_b01(sch_1):\GENERIC_SEZ1\"/></o><o N="@p3449_b01_lib.p3449_b01(sch_1):\GENERIC_DEZ2\" A="GENERIC_DEZ2"><f>536576</f><a N="PHYSICAL_CONSTRAINT_SET"><v V="@p3449_b01_lib.p3449_b01(sch_1):\GENERIC_DEZ2\"/><o>2</o></a><a N="SPACING_CONSTRAINT_SET"><v V="@p3449_b01_lib.p3449_b01(sch_1):\GENERIC_DEZ2\"/><o>2</o></a><a N="SAME_NET_SPACING_CONSTRAINT_SET"><v V="@p3449_b01_lib.p3449_b01(sch_1):\GENERIC_DEZ2\"/><o>2</o></a><a N="DIFFP_UNCOUPLED_LENGTH"><v V="3.175"/><o>1</o></a><a N="DIFFP_PHASE_TOL"><v V="0.001 ns"/><o>1</o></a><r K="39" N="@p3449_b01_lib.p3449_b01(sch_1):\GENERIC_DEZ2\"/><r K="40" N="@p3449_b01_lib.p3449_b01(sch_1):\GENERIC_DEZ2\"/><r K="46" N="@p3449_b01_lib.p3449_b01(sch_1):\GENERIC_DEZ2\"/></o><o N="@p3449_b01_lib.p3449_b01(sch_1):\GENERIC_DEZ1\" A="GENERIC_DEZ1"><f>536576</f><a N="PHYSICAL_CONSTRAINT_SET"><v V="@p3449_b01_lib.p3449_b01(sch_1):\GENERIC_DEZ1\"/><o>2</o></a><a N="SPACING_CONSTRAINT_SET"><v V="@p3449_b01_lib.p3449_b01(sch_1):\GENERIC_DEZ1\"/><o>2</o></a><a N="SAME_NET_SPACING_CONSTRAINT_SET"><v V="@p3449_b01_lib.p3449_b01(sch_1):\GENERIC_DEZ1\"/><o>2</o></a><a N="DIFFP_UNCOUPLED_LENGTH"><v V="3.175"/><o>1</o></a><a N="DIFFP_PHASE_TOL"><v V="0.001 ns"/><o>1</o></a><r K="39" N="@p3449_b01_lib.p3449_b01(sch_1):\GENERIC_DEZ1\"/><r K="40" N="@p3449_b01_lib.p3449_b01(sch_1):\GENERIC_DEZ1\"/><r K="46" N="@p3449_b01_lib.p3449_b01(sch_1):\GENERIC_DEZ1\"/></o><o N="@p3449_b01_lib.p3449_b01(sch_1):\GENERIC_DEZ3\" A="GENERIC_DEZ3"><f>536576</f><a N="PHYSICAL_CONSTRAINT_SET"><v V="@p3449_b01_lib.p3449_b01(sch_1):\GENERIC_DEZ3\"/><o>2</o></a><a N="SPACING_CONSTRAINT_SET"><v V="@p3449_b01_lib.p3449_b01(sch_1):\GENERIC_DEZ3\"/><o>2</o></a><a N="SAME_NET_SPACING_CONSTRAINT_SET"><v V="@p3449_b01_lib.p3449_b01(sch_1):\GENERIC_DEZ3\"/><o>2</o></a><r K="39" N="@p3449_b01_lib.p3449_b01(sch_1):\GENERIC_DEZ3\"/><r K="40" N="@p3449_b01_lib.p3449_b01(sch_1):\GENERIC_DEZ3\"/><r K="46" N="@p3449_b01_lib.p3449_b01(sch_1):\GENERIC_DEZ3\"/></o><o N="@p3449_b01_lib.p3449_b01(sch_1):\45OHM_NETCLASS1\" A="45OHM_NETCLASS1"><f>536576</f><a N="PHYSICAL_CONSTRAINT_SET"><v V="@p3449_b01_lib.p3449_b01(sch_1):\45OHM_NETCLASS1\"/><o>2</o></a><a N="SPACING_CONSTRAINT_SET"><v V="@p3449_b01_lib.p3449_b01(sch_1):\45OHM_NETCLASS1\"/><o>2</o></a><a N="SAME_NET_SPACING_CONSTRAINT_SET"><v V="@p3449_b01_lib.p3449_b01(sch_1):\45OHM_NETCLASS1\"/><o>2</o></a><r K="39" N="@p3449_b01_lib.p3449_b01(sch_1):\45OHM_NETCLASS1\"/><r K="40" N="@p3449_b01_lib.p3449_b01(sch_1):\45OHM_NETCLASS1\"/><r K="46" N="@p3449_b01_lib.p3449_b01(sch_1):\45OHM_NETCLASS1\"/></o><o N="@p3449_b01_lib.p3449_b01(sch_1):\45OHM_NETCLASS2\" A="45OHM_NETCLASS2"><f>536576</f><a N="PHYSICAL_CONSTRAINT_SET"><v V="@p3449_b01_lib.p3449_b01(sch_1):\45OHM_NETCLASS2\"/><o>2</o></a><a N="SPACING_CONSTRAINT_SET"><v V="@p3449_b01_lib.p3449_b01(sch_1):\45OHM_NETCLASS2\"/><o>2</o></a><a N="SAME_NET_SPACING_CONSTRAINT_SET"><v V="@p3449_b01_lib.p3449_b01(sch_1):\45OHM_NETCLASS2\"/><o>2</o></a><r K="39" N="@p3449_b01_lib.p3449_b01(sch_1):\45OHM_NETCLASS2\"/><r K="40" N="@p3449_b01_lib.p3449_b01(sch_1):\45OHM_NETCLASS2\"/><r K="46" N="@p3449_b01_lib.p3449_b01(sch_1):\45OHM_NETCLASS2\"/></o><o N="@p3449_b01_lib.p3449_b01(sch_1):\45OHM_NETCLASS3\" A="45OHM_NETCLASS3"><f>536576</f><a N="PHYSICAL_CONSTRAINT_SET"><v V="@p3449_b01_lib.p3449_b01(sch_1):\45OHM_NETCLASS3\"/><o>2</o></a><a N="SPACING_CONSTRAINT_SET"><v V="@p3449_b01_lib.p3449_b01(sch_1):\45OHM_NETCLASS3\"/><o>2</o></a><a N="SAME_NET_SPACING_CONSTRAINT_SET"><v V="@p3449_b01_lib.p3449_b01(sch_1):\45OHM_NETCLASS3\"/><o>2</o></a><r K="39" N="@p3449_b01_lib.p3449_b01(sch_1):\45OHM_NETCLASS3\"/><r K="40" N="@p3449_b01_lib.p3449_b01(sch_1):\45OHM_NETCLASS3\"/><r K="46" N="@p3449_b01_lib.p3449_b01(sch_1):\45OHM_NETCLASS3\"/></o><o N="@p3449_b01_lib.p3449_b01(sch_1):\40OHM_NETCLASS1\" A="40OHM_NETCLASS1"><f>536576</f><a N="PHYSICAL_CONSTRAINT_SET"><v V="@p3449_b01_lib.p3449_b01(sch_1):\40OHM_NETCLASS1\"/><o>2</o></a><a N="SPACING_CONSTRAINT_SET"><v V="@p3449_b01_lib.p3449_b01(sch_1):\40OHM_NETCLASS1\"/><o>2</o></a><a N="SAME_NET_SPACING_CONSTRAINT_SET"><v V="@p3449_b01_lib.p3449_b01(sch_1):\40OHM_NETCLASS1\"/><o>2</o></a><r K="39" N="@p3449_b01_lib.p3449_b01(sch_1):\40OHM_NETCLASS1\"/><r K="40" N="@p3449_b01_lib.p3449_b01(sch_1):\40OHM_NETCLASS1\"/><r K="46" N="@p3449_b01_lib.p3449_b01(sch_1):\40OHM_NETCLASS1\"/></o><o N="@p3449_b01_lib.p3449_b01(sch_1):\40OHM_NETCLASS3\" A="40OHM_NETCLASS3"><f>536576</f><a N="PHYSICAL_CONSTRAINT_SET"><v V="@p3449_b01_lib.p3449_b01(sch_1):\40OHM_NETCLASS3\"/><o>2</o></a><a N="SPACING_CONSTRAINT_SET"><v V="@p3449_b01_lib.p3449_b01(sch_1):\40OHM_NETCLASS3\"/><o>2</o></a><a N="SAME_NET_SPACING_CONSTRAINT_SET"><v V="@p3449_b01_lib.p3449_b01(sch_1):\40OHM_NETCLASS3\"/><o>2</o></a><r K="39" N="@p3449_b01_lib.p3449_b01(sch_1):\40OHM_NETCLASS3\"/><r K="40" N="@p3449_b01_lib.p3449_b01(sch_1):\40OHM_NETCLASS3\"/><r K="46" N="@p3449_b01_lib.p3449_b01(sch_1):\40OHM_NETCLASS3\"/></o><o N="@p3449_b01_lib.p3449_b01(sch_1):\40OHM_NETCLASS2\" A="40OHM_NETCLASS2"><f>536576</f><a N="PHYSICAL_CONSTRAINT_SET"><v V="@p3449_b01_lib.p3449_b01(sch_1):\40OHM_NETCLASS2\"/><o>2</o></a><a N="SPACING_CONSTRAINT_SET"><v V="@p3449_b01_lib.p3449_b01(sch_1):\40OHM_NETCLASS2\"/><o>2</o></a><a N="SAME_NET_SPACING_CONSTRAINT_SET"><v V="@p3449_b01_lib.p3449_b01(sch_1):\40OHM_NETCLASS2\"/><o>2</o></a><r K="39" N="@p3449_b01_lib.p3449_b01(sch_1):\40OHM_NETCLASS2\"/><r K="40" N="@p3449_b01_lib.p3449_b01(sch_1):\40OHM_NETCLASS2\"/><r K="46" N="@p3449_b01_lib.p3449_b01(sch_1):\40OHM_NETCLASS2\"/></o><o N="@p3449_b01_lib.p3449_b01(sch_1):\90DIFF_NETCLASS3\" A="90DIFF_NETCLASS3"><f>536576</f><a N="PHYSICAL_CONSTRAINT_SET"><v V="@p3449_b01_lib.p3449_b01(sch_1):\90DIFF_NETCLASS3\"/><o>2</o></a><a N="SPACING_CONSTRAINT_SET"><v V="@p3449_b01_lib.p3449_b01(sch_1):\90DIFF_NETCLASS3\"/><o>2</o></a><a N="SAME_NET_SPACING_CONSTRAINT_SET"><v V="@p3449_b01_lib.p3449_b01(sch_1):\90DIFF_NETCLASS3\"/><o>2</o></a><a N="DIFFP_UNCOUPLED_LENGTH"><v V="3.175"/><o>1</o></a><a N="DIFFP_PHASE_TOL"><v V="0.001 ns"/><o>1</o></a><r K="39" N="@p3449_b01_lib.p3449_b01(sch_1):\90DIFF_NETCLASS3\"/><r K="40" N="@p3449_b01_lib.p3449_b01(sch_1):\90DIFF_NETCLASS3\"/><r K="46" N="@p3449_b01_lib.p3449_b01(sch_1):\90DIFF_NETCLASS3\"/></o><o N="@p3449_b01_lib.p3449_b01(sch_1):\90DIFF_NETCLASS2\" A="90DIFF_NETCLASS2"><f>536576</f><a N="PHYSICAL_CONSTRAINT_SET"><v V="@p3449_b01_lib.p3449_b01(sch_1):\90DIFF_NETCLASS2\"/><o>2</o></a><a N="SPACING_CONSTRAINT_SET"><v V="@p3449_b01_lib.p3449_b01(sch_1):\90DIFF_NETCLASS2\"/><o>2</o></a><a N="SAME_NET_SPACING_CONSTRAINT_SET"><v V="@p3449_b01_lib.p3449_b01(sch_1):\90DIFF_NETCLASS2\"/><o>2</o></a><a N="DIFFP_UNCOUPLED_LENGTH"><v V="3.175"/><o>1</o></a><a N="DIFFP_PHASE_TOL"><v V="0.001 ns"/><o>1</o></a><r K="39" N="@p3449_b01_lib.p3449_b01(sch_1):\90DIFF_NETCLASS2\"/><r K="40" N="@p3449_b01_lib.p3449_b01(sch_1):\90DIFF_NETCLASS2\"/><r K="46" N="@p3449_b01_lib.p3449_b01(sch_1):\90DIFF_NETCLASS2\"/></o><o N="@p3449_b01_lib.p3449_b01(sch_1):\90DIFF_NETCLASS1\" A="90DIFF_NETCLASS1"><f>536576</f><a N="PHYSICAL_CONSTRAINT_SET"><v V="@p3449_b01_lib.p3449_b01(sch_1):\90DIFF_NETCLASS1\"/><o>2</o></a><a N="SPACING_CONSTRAINT_SET"><v V="@p3449_b01_lib.p3449_b01(sch_1):\90DIFF_NETCLASS1\"/><o>2</o></a><a N="SAME_NET_SPACING_CONSTRAINT_SET"><v V="@p3449_b01_lib.p3449_b01(sch_1):\90DIFF_NETCLASS1\"/><o>2</o></a><a N="DIFFP_UNCOUPLED_LENGTH"><v V="3.175"/><o>1</o></a><a N="DIFFP_PHASE_TOL"><v V="0.001 ns"/><o>1</o></a><r K="39" N="@p3449_b01_lib.p3449_b01(sch_1):\90DIFF_NETCLASS1\"/><r K="40" N="@p3449_b01_lib.p3449_b01(sch_1):\90DIFF_NETCLASS1\"/><r K="46" N="@p3449_b01_lib.p3449_b01(sch_1):\90DIFF_NETCLASS1\"/><m K="10" N="@p3449_b01_lib.p3449_b01(sch_1):hdmi_ddc_scl_5v0"/><m K="10" N="@p3449_b01_lib.p3449_b01(sch_1):hdmi_ddc_sda_5v0"/><m K="10" N="@p3449_b01_lib.p3449_b01(sch_1):hdmi_ddc_scl_pol"/><m K="10" N="@p3449_b01_lib.p3449_b01(sch_1):hdmi_ddc_sda_pol"/><m K="10" N="@p3449_b01_lib.p3449_b01(sch_1):pcie1_clkreq"/><m K="10" N="@p3449_b01_lib.p3449_b01(sch_1):pcie1_rst"/><m K="18" N="@p3449_a02_lib.p3449_a02(sch_1):\DSP4_SSRX\"/><m K="18" N="@p3449_a02_lib.p3449_a02(sch_1):\DSP3_SSRX\"/><m K="18" N="@p3449_a02_lib.p3449_a02(sch_1):\DSP2_SSRX\"/><m K="18" N="@p3449_a02_lib.p3449_a02(sch_1):\DSP1_SSRX\"/><m K="18" N="@p3449_a02_lib.p3449_a02(sch_1):\DSP4_D\"/><m K="18" N="@p3449_a02_lib.p3449_a02(sch_1):\DSP2_D\"/><m K="18" N="@p3449_a02_lib.p3449_a02(sch_1):\DSP3_D\"/><m K="18" N="@p3449_a02_lib.p3449_a02(sch_1):\DSP1_SSTX\"/><m K="18" N="@p3449_a02_lib.p3449_a02(sch_1):\DSP2_SSTX\"/><m K="18" N="@p3449_a02_lib.p3449_a02(sch_1):\DSP3_SSTX\"/><m K="18" N="@p3449_a02_lib.p3449_a02(sch_1):\DSP4_SSTX\"/><m K="18" N="@p3449_a02_lib.p3449_a02(sch_1):\DSP1_D\"/><m K="18" N="@p3449_a02_lib.p3449_a02(sch_1):\DSI_A_CLK\"/><m K="18" N="@p3449_a02_lib.p3449_a02(sch_1):\DSI_A_D0\"/><m K="18" N="@p3449_a02_lib.p3449_a02(sch_1):\DSI_A_D1\"/><m K="18" N="@p3449_a02_lib.p3449_a02(sch_1):\PEX_CLK2\"/><m K="18" N="@p3449_a02_lib.p3449_a02(sch_1):\DP_AUX_CH0\"/><m K="18" N="@p3449_a02_lib.p3449_a02(sch_1):\CSI_B_CLK\"/><m K="18" N="@p3449_a02_lib.p3449_a02(sch_1):\CSI_B_D0\"/><m K="18" N="@p3449_a02_lib.p3449_a02(sch_1):\CSI_B_D1\"/><m K="18" N="@p3449_a02_lib.p3449_a02(sch_1):\CSI_F_CLK\"/><m K="18" N="@p3449_a02_lib.p3449_a02(sch_1):\CSI_F_D0\"/><m K="18" N="@p3449_a02_lib.p3449_a02(sch_1):\CSI_F_D1\"/><m K="18" N="@p3449_a02_lib.p3449_a02(sch_1):\CSI_C_CLK\"/><m K="18" N="@p3449_a02_lib.p3449_a02(sch_1):\CSI_C_D0\"/><m K="18" N="@p3449_a02_lib.p3449_a02(sch_1):\CSI_C_D1\"/><m K="18" N="@p3449_a02_lib.p3449_a02(sch_1):\CSI_D_D0\"/><m K="18" N="@p3449_a02_lib.p3449_a02(sch_1):\CSI_D_D1\"/><m K="18" N="@p3449_a02_lib.p3449_a02(sch_1):\PEX_RX3\"/><m K="18" N="@p3449_a02_lib.p3449_a02(sch_1):\PEX_RX2\"/><m K="18" N="@p3449_a02_lib.p3449_a02(sch_1):\PEX_RX1\"/><m K="18" N="@p3449_a02_lib.p3449_a02(sch_1):\PEX_TX3\"/><m K="18" N="@p3449_a02_lib.p3449_a02(sch_1):\PEX_TX2\"/><m K="18" N="@p3449_a02_lib.p3449_a02(sch_1):\PEX_TX1\"/><m K="18" N="@p3449_a02_lib.p3449_a02(sch_1):\PEX_RX0\"/><m K="18" N="@p3449_a02_lib.p3449_a02(sch_1):\PEX_TX0\"/></o><o N="@p3449_b01_lib.p3449_b01(sch_1):\50OHM_NETCLASS3\" A="50OHM_NETCLASS3"><f>536576</f><a N="PHYSICAL_CONSTRAINT_SET"><v V="@p3449_b01_lib.p3449_b01(sch_1):\50OHM_NETCLASS3\"/><o>2</o></a><a N="SPACING_CONSTRAINT_SET"><v V="@p3449_b01_lib.p3449_b01(sch_1):\50OHM_NETCLASS3\"/><o>2</o></a><a N="SAME_NET_SPACING_CONSTRAINT_SET"><v V="@p3449_b01_lib.p3449_b01(sch_1):\50OHM_NETCLASS3\"/><o>2</o></a><r K="39" N="@p3449_b01_lib.p3449_b01(sch_1):\50OHM_NETCLASS3\"/><r K="40" N="@p3449_b01_lib.p3449_b01(sch_1):\50OHM_NETCLASS3\"/><r K="46" N="@p3449_b01_lib.p3449_b01(sch_1):\50OHM_NETCLASS3\"/></o><o N="@p3449_b01_lib.p3449_b01(sch_1):\50OHM_NETCLASS1\" A="50OHM_NETCLASS1"><f>536576</f><a N="PHYSICAL_CONSTRAINT_SET"><v V="@p3449_b01_lib.p3449_b01(sch_1):\50OHM_NETCLASS1\"/><o>2</o></a><a N="SPACING_CONSTRAINT_SET"><v V="@p3449_b01_lib.p3449_b01(sch_1):\50OHM_NETCLASS1\"/><o>2</o></a><a N="SAME_NET_SPACING_CONSTRAINT_SET"><v V="@p3449_b01_lib.p3449_b01(sch_1):\50OHM_NETCLASS1\"/><o>2</o></a><r K="39" N="@p3449_b01_lib.p3449_b01(sch_1):\50OHM_NETCLASS1\"/><r K="40" N="@p3449_b01_lib.p3449_b01(sch_1):\50OHM_NETCLASS1\"/><r K="46" N="@p3449_b01_lib.p3449_b01(sch_1):\50OHM_NETCLASS1\"/><m K="10" N="@p3449_b01_lib.p3449_b01(sch_1):cam1_mclk"/><m K="10" N="@p3449_b01_lib.p3449_b01(sch_1):gpio09"/><m K="10" N="@p3449_b01_lib.p3449_b01(sch_1):spi0_sck_ls"/><m K="10" N="@p3449_b01_lib.p3449_b01(sch_1):spi1_sck_ls"/><m K="10" N="@p3449_b01_lib.p3449_b01(sch_1):snn_m2_sdio_d0"/><m K="10" N="@p3449_b01_lib.p3449_b01(sch_1):snn_m2_sdio_d1"/><m K="10" N="@p3449_b01_lib.p3449_b01(sch_1):cam0_mclk"/><m K="10" N="@p3449_b01_lib.p3449_b01(sch_1):sdio_clk"/><m K="10" N="@p3449_b01_lib.p3449_b01(sch_1):sdio_cmd"/><m K="10" N="@p3449_b01_lib.p3449_b01(sch_1):sdio_d0"/><m K="10" N="@p3449_b01_lib.p3449_b01(sch_1):sdio_d1"/><m K="10" N="@p3449_b01_lib.p3449_b01(sch_1):sdio_d2"/><m K="10" N="@p3449_b01_lib.p3449_b01(sch_1):sdio_d3"/></o><o N="@p3449_b01_lib.p3449_b01(sch_1):\50OHM_NETCLASS2\" A="50OHM_NETCLASS2"><f>536576</f><a N="PHYSICAL_CONSTRAINT_SET"><v V="@p3449_b01_lib.p3449_b01(sch_1):\50OHM_NETCLASS2\"/><o>2</o></a><a N="SPACING_CONSTRAINT_SET"><v V="@p3449_b01_lib.p3449_b01(sch_1):\50OHM_NETCLASS2\"/><o>2</o></a><a N="SAME_NET_SPACING_CONSTRAINT_SET"><v V="@p3449_b01_lib.p3449_b01(sch_1):\50OHM_NETCLASS2\"/><o>2</o></a><r K="39" N="@p3449_b01_lib.p3449_b01(sch_1):\50OHM_NETCLASS2\"/><r K="40" N="@p3449_b01_lib.p3449_b01(sch_1):\50OHM_NETCLASS2\"/><r K="46" N="@p3449_b01_lib.p3449_b01(sch_1):\50OHM_NETCLASS2\"/><m K="10" N="@p3449_b01_lib.p3449_b01(sch_1):hdmi_cec_con"/><m K="10" N="@p3449_b01_lib.p3449_b01(sch_1):hdmi_cec_q"/><m K="10" N="@p3449_b01_lib.p3449_b01(sch_1):hdmi_cec"/><m K="10" N="@p3449_b01_lib.p3449_b01(sch_1):cam_i2c_sda"/><m K="10" N="@p3449_b01_lib.p3449_b01(sch_1):id_i2c_sda"/><m K="10" N="@p3449_b01_lib.p3449_b01(sch_1):uart1_rxd"/><m K="10" N="@p3449_b01_lib.p3449_b01(sch_1):uart1_txd"/><m K="10" N="@p3449_b01_lib.p3449_b01(sch_1):uart2_rxd"/><m K="10" N="@p3449_b01_lib.p3449_b01(sch_1):uart2_txd"/><m K="10" N="@p3449_b01_lib.p3449_b01(sch_1):cam_i2c_scl"/><m K="10" N="@p3449_b01_lib.p3449_b01(sch_1):id_i2c_scl"/><m K="10" N="@p3449_b01_lib.p3449_b01(sch_1):spi0_cs0_ls"/><m K="10" N="@p3449_b01_lib.p3449_b01(sch_1):spi0_cs1_ls"/><m K="10" N="@p3449_b01_lib.p3449_b01(sch_1):spi0_miso_ls"/><m K="10" N="@p3449_b01_lib.p3449_b01(sch_1):spi0_mosi_ls"/><m K="10" N="@p3449_b01_lib.p3449_b01(sch_1):i2c1_scl"/><m K="10" N="@p3449_b01_lib.p3449_b01(sch_1):i2c1_sda"/><m K="10" N="@p3449_b01_lib.p3449_b01(sch_1):spi1_cs0_ls"/><m K="10" N="@p3449_b01_lib.p3449_b01(sch_1):spi1_cs1_ls"/><m K="10" N="@p3449_b01_lib.p3449_b01(sch_1):spi1_miso_ls"/><m K="10" N="@p3449_b01_lib.p3449_b01(sch_1):spi1_mosi_ls"/><m K="10" N="@p3449_b01_lib.p3449_b01(sch_1):uart0_txd"/><m K="10" N="@p3449_b01_lib.p3449_b01(sch_1):susclk_32khz_buf"/><m K="10" N="@p3449_b01_lib.p3449_b01(sch_1):uart0_cts"/><m K="10" N="@p3449_b01_lib.p3449_b01(sch_1):uart0_rts"/><m K="10" N="@p3449_b01_lib.p3449_b01(sch_1):uart0_rxd"/><m K="10" N="@p3449_b01_lib.p3449_b01(sch_1):uart1_cts"/><m K="10" N="@p3449_b01_lib.p3449_b01(sch_1):uart1_rts"/><m K="10" N="@p3449_b01_lib.p3449_b01(sch_1):i2c2_scl"/><m K="10" N="@p3449_b01_lib.p3449_b01(sch_1):i2c2_sda"/><m K="10" N="@p3449_b01_lib.p3449_b01(sch_1):cam0_i2c_scl"/><m K="10" N="@p3449_b01_lib.p3449_b01(sch_1):cam0_i2c_sda"/><m K="10" N="@p3449_b01_lib.p3449_b01(sch_1):cam1_i2c_scl"/><m K="10" N="@p3449_b01_lib.p3449_b01(sch_1):cam1_i2c_sda"/></o><o N="@p3449_b01_lib.p3449_b01(sch_1):\DP_SIGNALS\" A="DP_SIGNALS"><f>536576</f><a N="PHYSICAL_CONSTRAINT_SET"><v V="@p3449_b01_lib.p3449_b01(sch_1):\DP_SIGNALS\"/><o>2</o></a><a N="SPACING_CONSTRAINT_SET"><v V="@p3449_b01_lib.p3449_b01(sch_1):\DP_SIGNALS\"/><o>2</o></a><a N="SAME_NET_SPACING_CONSTRAINT_SET"><v V="@p3449_b01_lib.p3449_b01(sch_1):\DP_SIGNALS\"/><o>2</o></a><a N="DIFFP_UNCOUPLED_LENGTH"><v V="3.810"/><o>1</o></a><a N="DIFFP_PHASE_TOL"><v V="1 ps"/><o>1</o></a><r K="39" N="@p3449_b01_lib.p3449_b01(sch_1):\DP_SIGNALS\"/><r K="40" N="@p3449_b01_lib.p3449_b01(sch_1):\DP_SIGNALS\"/><r K="46" N="@p3449_b01_lib.p3449_b01(sch_1):\DP_SIGNALS\"/><m K="18" N="@p3449_a02_lib.p3449_a02(sch_1):\EDP_TXD0\"/><m K="18" N="@p3449_a02_lib.p3449_a02(sch_1):\EDP_TXD1\"/><m K="18" N="@p3449_a02_lib.p3449_a02(sch_1):\EDP_TXD2\"/><m K="18" N="@p3449_a02_lib.p3449_a02(sch_1):\EDP_TXD3\"/></o><o N="@p3449_b01_lib.p3449_b01(sch_1):\USB_SIGNALS\" A="USB_SIGNALS"><f>536576</f><a N="PHYSICAL_CONSTRAINT_SET"><v V="@p3449_b01_lib.p3449_b01(sch_1):\USB_SIGNALS\"/><o>2</o></a><a N="SPACING_CONSTRAINT_SET"><v V="@p3449_b01_lib.p3449_b01(sch_1):\USB_SIGNALS\"/><o>2</o></a><a N="SAME_NET_SPACING_CONSTRAINT_SET"><v V="@p3449_b01_lib.p3449_b01(sch_1):\USB_SIGNALS\"/><o>2</o></a><a N="DIFFP_UNCOUPLED_LENGTH"><v V="3.810"/><o>1</o></a><a N="DIFFP_PHASE_TOL"><v V="1 ps"/><o>1</o></a><r K="39" N="@p3449_b01_lib.p3449_b01(sch_1):\USB_SIGNALS\"/><r K="40" N="@p3449_b01_lib.p3449_b01(sch_1):\USB_SIGNALS\"/><r K="46" N="@p3449_b01_lib.p3449_b01(sch_1):\USB_SIGNALS\"/><m K="18" N="@p3449_a02_lib.p3449_a02(sch_1):\USB0_AP\"/><m K="18" N="@p3449_a02_lib.p3449_a02(sch_1):\USB1_AP\"/><m K="18" N="@p3449_a02_lib.p3449_a02(sch_1):\USB2_AP\"/><m K="18" N="@p3449_a02_lib.p3449_a02(sch_1):\USB_PEX_RX6\"/><m K="18" N="@p3449_a02_lib.p3449_a02(sch_1):\USB_PEX_TX6\"/></o><o N="@p3449_b01_lib.p3449_b01(sch_1):\ETH_SIGNALS\" A="ETH_SIGNALS"><f>536576</f><a N="PHYSICAL_CONSTRAINT_SET"><v V="@p3449_b01_lib.p3449_b01(sch_1):\ETH_SIGNALS\"/><o>2</o></a><a N="SPACING_CONSTRAINT_SET"><v V="@p3449_b01_lib.p3449_b01(sch_1):\ETH_SIGNALS\"/><o>2</o></a><a N="SAME_NET_SPACING_CONSTRAINT_SET"><v V="@p3449_b01_lib.p3449_b01(sch_1):\ETH_SIGNALS\"/><o>2</o></a><a N="DIFFP_UNCOUPLED_LENGTH"><v V="3.810"/><o>1</o></a><a N="DIFFP_PHASE_TOL"><v V="1 ps"/><o>1</o></a><r K="39" N="@p3449_b01_lib.p3449_b01(sch_1):\ETH_SIGNALS\"/><r K="40" N="@p3449_b01_lib.p3449_b01(sch_1):\ETH_SIGNALS\"/><r K="46" N="@p3449_b01_lib.p3449_b01(sch_1):\ETH_SIGNALS\"/><m K="18" N="@p3449_a02_lib.p3449_a02(sch_1):\DP_GBE_MDI0\"/><m K="18" N="@p3449_a02_lib.p3449_a02(sch_1):\DP_GBE_MDI1\"/><m K="18" N="@p3449_a02_lib.p3449_a02(sch_1):\DP_GBE_MDI2\"/><m K="18" N="@p3449_a02_lib.p3449_a02(sch_1):\DP_GBE_MDI3\"/></o></root>