<?xml version="1.0" encoding="UTF-8" standalone="no"?><root><o N="@p1077_lib.p1077(sch_1):\DEFAULT\" A="DEFAULT"><a N="MIN_LINE_WIDTH"><v V="0.100:0.080:0.080:0.100" G="0.100:0.080:0.100"/><o>1</o></a><a N="MIN_NECK_WIDTH"><v V="0.100:0.080:0.080:0.100" G="0.100:0.080:0.100"/><o>1</o></a><a N="MAX_BVIA_STAGGER"><v V="1000.000:1.000:1.000:1000.000" G="1000.000:1.000:1000.000"/><o>1</o></a><a N="TS_ALLOWED"><v V="ANYWHERE" G="ANYWHERE:ANYWHERE:ANYWHERE"/><o>1</o></a><a N="DIFFP_PRIMARY_GAP"><v V="0.125" G="0.125:0.125:0.125"/><o>1</o></a><a N="DIFFP_NECK_GAP"><v V="0.000" G="0.000:0.000:0.000"/><o>1</o></a><a N="MAX_LINE_WIDTH"><v V="2.540" G="2.540:2.540:2.540"/><o>1</o></a><a N="MAXIMUM_NECK_LENGTH"><v V="1270.000" G="1270.000:1270.000:1270.000"/><o>1</o></a><a N="PAD_PAD_DIRECT_CONNECT"><v V="NOT_ALLOWED" G="NOT_ALLOWED:NOT_ALLOWED:NOT_ALLOWED"/><o>1</o></a><a N="ALLOW_ON_ETCH_SUBCLASS"><v V="TRUE" G="TRUE:TRUE:TRUE"/><o>1</o></a><a N="MIN_BVIA_STAGGER"><v V="0.000" G="0.000:0.000:0.000"/><o>1</o></a><a N="DIFFP_COUPLED_PLUS"><v V="0.000" G="0.000:0.000:0.000"/><o>1</o></a><a N="DIFFP_COUPLED_MINUS"><v V="0.000" G="0.000:0.000:0.000"/><o>1</o></a><a N="DIFFP_MIN_SPACE"><v V="0.000" G="0.000:0.000:0.000"/><o>1</o></a><a N="VIA_LIST"><v V="VTH_045C020P:VTH_048C023P:VTH_050C025P:VTH_060C030P:VST_071C125D:VTT_071CT045CB125D020P:VTT_071CT048CB125D023P:VTT_071CT050CB125D025P:VTT_071CT060CB125D030P:VSB_071C125D:VTB_045CT071CB125D020P:VTB_048CT071CB125D023P:VTB_050CT071CB125D025P:VTB_060CT071CB125D030P"/><o>1</o></a></o><o N="@p3449_b01_lib.p3449_b01(sch_1):\60V_SPACING_NETCLASS1\" A="60V_SPACING_NETCLASS1"><a N="MIN_LINE_WIDTH"><v V="0.100:0.080:0.080:0.100" G="0.100:0.080:0.100"/><o>1</o></a><a N="MIN_NECK_WIDTH"><v V="0.100:0.080:0.080:0.100" G="0.100:0.080:0.100"/><o>1</o></a><a N="MAX_BVIA_STAGGER"><v V="1000.000:1.000:1.000:1000.000" G="1000.000:1.000:1000.000"/><o>1</o></a><a N="DIFFP_PRIMARY_GAP"><v V="0.125" G="0.125:0.125:0.125"/><o>1</o></a><a N="DIFFP_NECK_GAP"><v V="0.000" G="0.000:0.000:0.000"/><o>1</o></a><a N="MAX_LINE_WIDTH"><v V="2.540" G="2.540:2.540:2.540"/><o>1</o></a><a N="MAXIMUM_NECK_LENGTH"><v V="1270.000" G="1270.000:1270.000:1270.000"/><o>1</o></a><a N="ALLOW_ON_ETCH_SUBCLASS"><v V="TRUE" G="TRUE:TRUE:TRUE"/><o>1</o></a><a N="TS_ALLOWED"><v V="ANYWHERE" G="ANYWHERE:ANYWHERE:ANYWHERE"/><o>1</o></a><a N="PAD_PAD_DIRECT_CONNECT"><v V="NOT_ALLOWED" G="NOT_ALLOWED:NOT_ALLOWED:NOT_ALLOWED"/><o>1</o></a><a N="DIFFP_COUPLED_MINUS"><v V="0.000" G="0.000:0.000:0.000"/><o>1</o></a><a N="DIFFP_COUPLED_PLUS"><v V="0.000" G="0.000:0.000:0.000"/><o>1</o></a><a N="MIN_BVIA_STAGGER"><v V="0.000" G="0.000:0.000:0.000"/><o>1</o></a><a N="DIFFP_MIN_SPACE"><v V="0.000" G="0.000:0.000:0.000"/><o>1</o></a><a N="VIA_LIST"><v V="VTH_045C020P:VTH_048C023P:VTH_050C025P:VTH_060C030P:VST_071C125D:VTT_071CT045CB125D020P:VTT_071CT048CB125D023P:VTT_071CT050CB125D025P:VTT_071CT060CB125D030P:VSB_071C125D:VTB_045CT071CB125D020P:VTB_048CT071CB125D023P:VTB_050CT071CB125D025P:VTB_060CT071CB125D030P"/><o>1</o></a></o><o N="@p3449_b01_lib.p3449_b01(sch_1):\60V_SPACING_NETCLASS2\" A="60V_SPACING_NETCLASS2"><a N="MIN_LINE_WIDTH"><v V="0.100:0.080:0.080:0.100" G="0.100:0.080:0.100"/><o>1</o></a><a N="MIN_NECK_WIDTH"><v V="0.100:0.080:0.080:0.100" G="0.100:0.080:0.100"/><o>1</o></a><a N="MAX_BVIA_STAGGER"><v V="1000.000:1.000:1.000:1000.000" G="1000.000:1.000:1000.000"/><o>1</o></a><a N="DIFFP_PRIMARY_GAP"><v V="0.125" G="0.125:0.125:0.125"/><o>1</o></a><a N="DIFFP_NECK_GAP"><v V="0.000" G="0.000:0.000:0.000"/><o>1</o></a><a N="MAX_LINE_WIDTH"><v V="2.540" G="2.540:2.540:2.540"/><o>1</o></a><a N="MAXIMUM_NECK_LENGTH"><v V="1270.000" G="1270.000:1270.000:1270.000"/><o>1</o></a><a N="ALLOW_ON_ETCH_SUBCLASS"><v V="TRUE" G="TRUE:TRUE:TRUE"/><o>1</o></a><a N="TS_ALLOWED"><v V="ANYWHERE" G="ANYWHERE:ANYWHERE:ANYWHERE"/><o>1</o></a><a N="PAD_PAD_DIRECT_CONNECT"><v V="NOT_ALLOWED" G="NOT_ALLOWED:NOT_ALLOWED:NOT_ALLOWED"/><o>1</o></a><a N="DIFFP_COUPLED_MINUS"><v V="0.000" G="0.000:0.000:0.000"/><o>1</o></a><a N="DIFFP_COUPLED_PLUS"><v V="0.000" G="0.000:0.000:0.000"/><o>1</o></a><a N="MIN_BVIA_STAGGER"><v V="0.000" G="0.000:0.000:0.000"/><o>1</o></a><a N="DIFFP_MIN_SPACE"><v V="0.000" G="0.000:0.000:0.000"/><o>1</o></a><a N="VIA_LIST"><v V="VTH_045C020P:VTH_048C023P:VTH_050C025P:VTH_060C030P:VST_071C125D:VTT_071CT045CB125D020P:VTT_071CT048CB125D023P:VTT_071CT050CB125D025P:VTT_071CT060CB125D030P:VSB_071C125D:VTB_045CT071CB125D020P:VTB_048CT071CB125D023P:VTB_050CT071CB125D025P:VTB_060CT071CB125D030P"/><o>1</o></a></o><o N="@p3449_b01_lib.p3449_b01(sch_1):\PEXGEN3_SIGNALS\" A="PEXGEN3_SIGNALS"><a N="MIN_LINE_WIDTH"><v V="0.101:0.080:0.080:0.101" G="0.101:0.080:0.101"/><o>1</o></a><a N="MIN_NECK_WIDTH"><v V="0.101:0.080:0.080:0.101" G="0.101:0.080:0.101"/><o>1</o></a><a N="MAX_BVIA_STAGGER"><v V="1000.000:1.000:1.000:1000.000" G="1000.000:1.000:1000.000"/><o>1</o></a><a N="DIFFP_PRIMARY_GAP"><v V="0.120:0.000:0.000:0.120" G="0.120:0.000:0.120"/><o>1</o></a><a N="DIFFP_NECK_GAP"><v V="0.120:0.000:0.000:0.120" G="0.120:0.000:0.120"/><o>1</o></a><a N="DIFFP_MIN_SPACE"><v V="0.118:0.000:0.000:0.118" G="0.118:0.000:0.118"/><o>1</o></a><a N="DIFFP_COUPLED_PLUS"><v V="0.002" G="0.002:0.002:0.002"/><o>1</o></a><a N="DIFFP_COUPLED_MINUS"><v V="0.002" G="0.002:0.002:0.002"/><o>1</o></a><a N="MAX_LINE_WIDTH"><v V="0.101:0.080:0.080:0.101" G="0.101:0.080:0.101"/><o>1</o></a><a N="MAXIMUM_NECK_LENGTH"><v V="1270.000" G="1270.000:1270.000:1270.000"/><o>1</o></a><a N="ALLOW_ON_ETCH_SUBCLASS"><v V="TRUE:FALSE:FALSE:TRUE" G="TRUE:FALSE:TRUE"/><o>1</o></a><a N="TS_ALLOWED"><v V="ANYWHERE" G="ANYWHERE:ANYWHERE:ANYWHERE"/><o>1</o></a><a N="PAD_PAD_DIRECT_CONNECT"><v V="NOT_ALLOWED" G="NOT_ALLOWED:NOT_ALLOWED:NOT_ALLOWED"/><o>1</o></a><a N="MIN_BVIA_STAGGER"><v V="0.000" G="0.000:0.000:0.000"/><o>1</o></a><a N="VIA_LIST"><v V="VTH_045C020P:VTH_048C023P:VTH_050C025P:VTH_060C030P:VST_071C125D:VTT_071CT045CB125D020P:VTT_071CT048CB125D023P:VTT_071CT050CB125D025P:VTT_071CT060CB125D030P:VSB_071C125D:VTB_045CT071CB125D020P:VTB_048CT071CB125D023P:VTB_050CT071CB125D025P:VTB_060CT071CB125D030P"/><o>1</o></a></o><o N="@p3449_b01_lib.p3449_b01(sch_1):\DAP_SIGNALS\" A="DAP_SIGNALS"><a N="MIN_LINE_WIDTH"><v V="0.112:0.084:0.084:0.112" G="0.112:0.084:0.112"/><o>1</o></a><a N="MIN_NECK_WIDTH"><v V="0.112:0.084:0.084:0.112" G="0.112:0.084:0.112"/><o>1</o></a><a N="MAX_BVIA_STAGGER"><v V="1000.000:1.000:1.000:1000.000" G="1000.000:1.000:1000.000"/><o>1</o></a><a N="DIFFP_PRIMARY_GAP"><v V="0.125" G="0.125:0.125:0.125"/><o>1</o></a><a N="DIFFP_NECK_GAP"><v V="0.000" G="0.000:0.000:0.000"/><o>1</o></a><a N="MAX_LINE_WIDTH"><v V="0.112:0.084:0.084:0.112" G="0.112:0.084:0.112"/><o>1</o></a><a N="MAXIMUM_NECK_LENGTH"><v V="1270.000" G="1270.000:1270.000:1270.000"/><o>1</o></a><a N="ALLOW_ON_ETCH_SUBCLASS"><v V="TRUE" G="TRUE:TRUE:TRUE"/><o>1</o></a><a N="TS_ALLOWED"><v V="ANYWHERE" G="ANYWHERE:ANYWHERE:ANYWHERE"/><o>1</o></a><a N="PAD_PAD_DIRECT_CONNECT"><v V="NOT_ALLOWED" G="NOT_ALLOWED:NOT_ALLOWED:NOT_ALLOWED"/><o>1</o></a><a N="DIFFP_COUPLED_MINUS"><v V="0.000" G="0.000:0.000:0.000"/><o>1</o></a><a N="DIFFP_COUPLED_PLUS"><v V="0.000" G="0.000:0.000:0.000"/><o>1</o></a><a N="MIN_BVIA_STAGGER"><v V="0.000" G="0.000:0.000:0.000"/><o>1</o></a><a N="DIFFP_MIN_SPACE"><v V="0.000" G="0.000:0.000:0.000"/><o>1</o></a><a N="VIA_LIST"><v V="VTH_045C020P:VTH_048C023P:VTH_050C025P:VTH_060C030P:VST_071C125D:VTT_071CT045CB125D020P:VTT_071CT048CB125D023P:VTT_071CT050CB125D025P:VTT_071CT060CB125D030P:VSB_071C125D:VTB_045CT071CB125D020P:VTB_048CT071CB125D023P:VTB_050CT071CB125D025P:VTB_060CT071CB125D030P"/><o>1</o></a></o><o N="@p3449_b01_lib.p3449_b01(sch_1):\HDMI_SIGNALS\" A="HDMI_SIGNALS"><a N="MIN_LINE_WIDTH"><v V="0.102:0.080:0.080:0.102" G="0.102:0.080:0.102"/><o>1</o></a><a N="MIN_NECK_WIDTH"><v V="0.102:0.080:0.080:0.102" G="0.102:0.080:0.102"/><o>1</o></a><a N="MAX_BVIA_STAGGER"><v V="1000.000:1.000:1.000:1000.000" G="1000.000:1.000:1000.000"/><o>1</o></a><a N="DIFFP_PRIMARY_GAP"><v V="0.179:0.000:0.000:0.179" G="0.179:0.000:0.179"/><o>1</o></a><a N="DIFFP_NECK_GAP"><v V="0.179:0.000:0.000:0.179" G="0.179:0.000:0.179"/><o>1</o></a><a N="DIFFP_MIN_SPACE"><v V="0.177:0.000:0.000:0.177" G="0.177:0.000:0.177"/><o>1</o></a><a N="DIFFP_COUPLED_PLUS"><v V="0.002" G="0.002:0.002:0.002"/><o>1</o></a><a N="DIFFP_COUPLED_MINUS"><v V="0.002" G="0.002:0.002:0.002"/><o>1</o></a><a N="MAX_LINE_WIDTH"><v V="0.102:0.080:0.080:0.102" G="0.102:0.080:0.102"/><o>1</o></a><a N="MAXIMUM_NECK_LENGTH"><v V="1270.000" G="1270.000:1270.000:1270.000"/><o>1</o></a><a N="ALLOW_ON_ETCH_SUBCLASS"><v V="TRUE" G="TRUE:TRUE:TRUE"/><o>1</o></a><a N="TS_ALLOWED"><v V="ANYWHERE" G="ANYWHERE:ANYWHERE:ANYWHERE"/><o>1</o></a><a N="PAD_PAD_DIRECT_CONNECT"><v V="NOT_ALLOWED" G="NOT_ALLOWED:NOT_ALLOWED:NOT_ALLOWED"/><o>1</o></a><a N="MIN_BVIA_STAGGER"><v V="0.000" G="0.000:0.000:0.000"/><o>1</o></a><a N="VIA_LIST"><v V="VTH_045C020P:VTH_048C023P:VTH_050C025P:VTH_060C030P:VST_071C125D:VTT_071CT045CB125D020P:VTT_071CT048CB125D023P:VTT_071CT050CB125D025P:VTT_071CT060CB125D030P:VSB_071C125D:VTB_045CT071CB125D020P:VTB_048CT071CB125D023P:VTB_050CT071CB125D025P:VTB_060CT071CB125D030P"/><o>1</o></a></o><o N="@p3449_b01_lib.p3449_b01(sch_1):\CSI_NCLS\" A="CSI_NCLS"><a N="MIN_LINE_WIDTH"><v V="0.101:0.080:0.080:0.101" G="0.101:0.080:0.101"/><o>1</o></a><a N="MIN_NECK_WIDTH"><v V="0.101:0.080:0.080:0.101" G="0.101:0.080:0.101"/><o>1</o></a><a N="MAX_BVIA_STAGGER"><v V="1000.000:1.000:1.000:1000.000" G="1000.000:1.000:1000.000"/><o>1</o></a><a N="DIFFP_PRIMARY_GAP"><v V="0.120:0.000:0.000:0.120" G="0.120:0.000:0.120"/><o>1</o></a><a N="DIFFP_NECK_GAP"><v V="0.120:0.000:0.000:0.120" G="0.120:0.000:0.120"/><o>1</o></a><a N="DIFFP_MIN_SPACE"><v V="0.118:0.000:0.000:0.118" G="0.118:0.000:0.118"/><o>1</o></a><a N="DIFFP_COUPLED_PLUS"><v V="0.002" G="0.002:0.002:0.002"/><o>1</o></a><a N="DIFFP_COUPLED_MINUS"><v V="0.002" G="0.002:0.002:0.002"/><o>1</o></a><a N="MAX_LINE_WIDTH"><v V="0.101:0.080:0.080:0.101" G="0.101:0.080:0.101"/><o>1</o></a><a N="MAXIMUM_NECK_LENGTH"><v V="1270.000" G="1270.000:1270.000:1270.000"/><o>1</o></a><a N="ALLOW_ON_ETCH_SUBCLASS"><v V="TRUE:FALSE:FALSE:TRUE" G="TRUE:FALSE:TRUE"/><o>1</o></a><a N="TS_ALLOWED"><v V="ANYWHERE" G="ANYWHERE:ANYWHERE:ANYWHERE"/><o>1</o></a><a N="PAD_PAD_DIRECT_CONNECT"><v V="NOT_ALLOWED" G="NOT_ALLOWED:NOT_ALLOWED:NOT_ALLOWED"/><o>1</o></a><a N="MIN_BVIA_STAGGER"><v V="0.000" G="0.000:0.000:0.000"/><o>1</o></a><a N="VIA_LIST"><v V="VTH_045C020P:VTH_048C023P:VTH_050C025P:VTH_060C030P:VST_071C125D:VTT_071CT045CB125D020P:VTT_071CT048CB125D023P:VTT_071CT050CB125D025P:VTT_071CT060CB125D030P:VSB_071C125D:VTB_045CT071CB125D020P:VTB_048CT071CB125D023P:VTB_050CT071CB125D025P:VTB_060CT071CB125D030P"/><o>1</o></a></o><o N="@p3449_b01_lib.p3449_b01(sch_1):\GENERIC_SEZ2\" A="GENERIC_SEZ2"><a N="MIN_LINE_WIDTH"><v V="0.137:0.080:0.080:0.137" G="0.137:0.080:0.137"/><o>1</o></a><a N="MIN_NECK_WIDTH"><v V="0.137:0.080:0.080:0.137" G="0.137:0.080:0.137"/><o>1</o></a><a N="MAX_BVIA_STAGGER"><v V="1000.000:1.000:1.000:1000.000" G="1000.000:1.000:1000.000"/><o>1</o></a><a N="DIFFP_PRIMARY_GAP"><v V="0.125" G="0.125:0.125:0.125"/><o>1</o></a><a N="DIFFP_NECK_GAP"><v V="0.000" G="0.000:0.000:0.000"/><o>1</o></a><a N="MAX_LINE_WIDTH"><v V="0.137:2.540:2.540:0.137" G="0.137:2.540:0.137"/><o>1</o></a><a N="MAXIMUM_NECK_LENGTH"><v V="1270.000" G="1270.000:1270.000:1270.000"/><o>1</o></a><a N="ALLOW_ON_ETCH_SUBCLASS"><v V="TRUE" G="TRUE:TRUE:TRUE"/><o>1</o></a><a N="TS_ALLOWED"><v V="ANYWHERE" G="ANYWHERE:ANYWHERE:ANYWHERE"/><o>1</o></a><a N="PAD_PAD_DIRECT_CONNECT"><v V="NOT_ALLOWED" G="NOT_ALLOWED:NOT_ALLOWED:NOT_ALLOWED"/><o>1</o></a><a N="MIN_BVIA_STAGGER"><v V="0.000" G="0.000:0.000:0.000"/><o>1</o></a><a N="DIFFP_COUPLED_PLUS"><v V="0.000" G="0.000:0.000:0.000"/><o>1</o></a><a N="DIFFP_COUPLED_MINUS"><v V="0.000" G="0.000:0.000:0.000"/><o>1</o></a><a N="DIFFP_MIN_SPACE"><v V="0.000" G="0.000:0.000:0.000"/><o>1</o></a><a N="VIA_LIST"><v V="VTH_045C020P:VTH_048C023P:VTH_050C025P:VTH_060C030P:VST_071C125D:VTT_071CT045CB125D020P:VTT_071CT048CB125D023P:VTT_071CT050CB125D025P:VTT_071CT060CB125D030P:VSB_071C125D:VTB_045CT071CB125D020P:VTB_048CT071CB125D023P:VTB_050CT071CB125D025P:VTB_060CT071CB125D030P"/><o>1</o></a></o><o N="@p3449_b01_lib.p3449_b01(sch_1):\GENERIC_SEZ1\" A="GENERIC_SEZ1"><a N="MIN_LINE_WIDTH"><v V="0.137:0.080:0.080:0.137" G="0.137:0.080:0.137"/><o>1</o></a><a N="MIN_NECK_WIDTH"><v V="0.137:0.080:0.080:0.137" G="0.137:0.080:0.137"/><o>1</o></a><a N="MAX_BVIA_STAGGER"><v V="1000.000:1.000:1.000:1000.000" G="1000.000:1.000:1000.000"/><o>1</o></a><a N="DIFFP_PRIMARY_GAP"><v V="0.125" G="0.125:0.125:0.125"/><o>1</o></a><a N="DIFFP_NECK_GAP"><v V="0.000" G="0.000:0.000:0.000"/><o>1</o></a><a N="MAX_LINE_WIDTH"><v V="0.137:2.540:2.540:0.137" G="0.137:2.540:0.137"/><o>1</o></a><a N="MAXIMUM_NECK_LENGTH"><v V="1270.000" G="1270.000:1270.000:1270.000"/><o>1</o></a><a N="ALLOW_ON_ETCH_SUBCLASS"><v V="TRUE" G="TRUE:TRUE:TRUE"/><o>1</o></a><a N="TS_ALLOWED"><v V="ANYWHERE" G="ANYWHERE:ANYWHERE:ANYWHERE"/><o>1</o></a><a N="PAD_PAD_DIRECT_CONNECT"><v V="NOT_ALLOWED" G="NOT_ALLOWED:NOT_ALLOWED:NOT_ALLOWED"/><o>1</o></a><a N="MIN_BVIA_STAGGER"><v V="0.000" G="0.000:0.000:0.000"/><o>1</o></a><a N="DIFFP_COUPLED_PLUS"><v V="0.000" G="0.000:0.000:0.000"/><o>1</o></a><a N="DIFFP_COUPLED_MINUS"><v V="0.000" G="0.000:0.000:0.000"/><o>1</o></a><a N="DIFFP_MIN_SPACE"><v V="0.000" G="0.000:0.000:0.000"/><o>1</o></a><a N="VIA_LIST"><v V="VTH_045C020P:VTH_048C023P:VTH_050C025P:VTH_060C030P:VST_071C125D:VTT_071CT045CB125D020P:VTT_071CT048CB125D023P:VTT_071CT050CB125D025P:VTT_071CT060CB125D030P:VSB_071C125D:VTB_045CT071CB125D020P:VTB_048CT071CB125D023P:VTB_050CT071CB125D025P:VTB_060CT071CB125D030P"/><o>1</o></a></o><o N="@p3449_b01_lib.p3449_b01(sch_1):\GENERIC_DEZ2\" A="GENERIC_DEZ2"><a N="MIN_LINE_WIDTH"><v V="0.102:0.080:0.080:0.102" G="0.102:0.080:0.102"/><o>1</o></a><a N="MIN_NECK_WIDTH"><v V="0.102:0.080:0.080:0.102" G="0.102:0.080:0.102"/><o>1</o></a><a N="MAX_BVIA_STAGGER"><v V="1000.000:1.000:1.000:1000.000" G="1000.000:1.000:1000.000"/><o>1</o></a><a N="DIFFP_PRIMARY_GAP"><v V="0.179:0.000:0.000:0.179" G="0.179:0.000:0.179"/><o>1</o></a><a N="DIFFP_NECK_GAP"><v V="0.179:0.000:0.000:0.179" G="0.179:0.000:0.179"/><o>1</o></a><a N="DIFFP_MIN_SPACE"><v V="0.177:0.000:0.000:0.177" G="0.177:0.000:0.177"/><o>1</o></a><a N="DIFFP_COUPLED_PLUS"><v V="0.002" G="0.002:0.002:0.002"/><o>1</o></a><a N="DIFFP_COUPLED_MINUS"><v V="0.002" G="0.002:0.002:0.002"/><o>1</o></a><a N="MAX_LINE_WIDTH"><v V="0.102:0.080:0.080:0.102" G="0.102:0.080:0.102"/><o>1</o></a><a N="MAXIMUM_NECK_LENGTH"><v V="1270.000" G="1270.000:1270.000:1270.000"/><o>1</o></a><a N="ALLOW_ON_ETCH_SUBCLASS"><v V="TRUE" G="TRUE:TRUE:TRUE"/><o>1</o></a><a N="TS_ALLOWED"><v V="ANYWHERE" G="ANYWHERE:ANYWHERE:ANYWHERE"/><o>1</o></a><a N="PAD_PAD_DIRECT_CONNECT"><v V="NOT_ALLOWED" G="NOT_ALLOWED:NOT_ALLOWED:NOT_ALLOWED"/><o>1</o></a><a N="MIN_BVIA_STAGGER"><v V="0.000" G="0.000:0.000:0.000"/><o>1</o></a><a N="VIA_LIST"><v V="VTH_045C020P:VTH_048C023P:VTH_050C025P:VTH_060C030P:VST_071C125D:VTT_071CT045CB125D020P:VTT_071CT048CB125D023P:VTT_071CT050CB125D025P:VTT_071CT060CB125D030P:VSB_071C125D:VTB_045CT071CB125D020P:VTB_048CT071CB125D023P:VTB_050CT071CB125D025P:VTB_060CT071CB125D030P"/><o>1</o></a></o><o N="@p3449_b01_lib.p3449_b01(sch_1):\GENERIC_DEZ1\" A="GENERIC_DEZ1"><a N="MIN_LINE_WIDTH"><v V="0.102:0.080:0.080:0.102" G="0.102:0.080:0.102"/><o>1</o></a><a N="MIN_NECK_WIDTH"><v V="0.102:0.080:0.080:0.102" G="0.102:0.080:0.102"/><o>1</o></a><a N="MAX_BVIA_STAGGER"><v V="1000.000:1.000:1.000:1000.000" G="1000.000:1.000:1000.000"/><o>1</o></a><a N="DIFFP_PRIMARY_GAP"><v V="0.179:0.000:0.000:0.179" G="0.179:0.000:0.179"/><o>1</o></a><a N="DIFFP_NECK_GAP"><v V="0.179:0.000:0.000:0.179" G="0.179:0.000:0.179"/><o>1</o></a><a N="DIFFP_MIN_SPACE"><v V="0.177:0.000:0.000:0.177" G="0.177:0.000:0.177"/><o>1</o></a><a N="DIFFP_COUPLED_PLUS"><v V="0.002" G="0.002:0.002:0.002"/><o>1</o></a><a N="DIFFP_COUPLED_MINUS"><v V="0.002" G="0.002:0.002:0.002"/><o>1</o></a><a N="MAX_LINE_WIDTH"><v V="0.102:0.080:0.080:0.102" G="0.102:0.080:0.102"/><o>1</o></a><a N="MAXIMUM_NECK_LENGTH"><v V="1270.000" G="1270.000:1270.000:1270.000"/><o>1</o></a><a N="ALLOW_ON_ETCH_SUBCLASS"><v V="TRUE" G="TRUE:TRUE:TRUE"/><o>1</o></a><a N="TS_ALLOWED"><v V="ANYWHERE" G="ANYWHERE:ANYWHERE:ANYWHERE"/><o>1</o></a><a N="PAD_PAD_DIRECT_CONNECT"><v V="NOT_ALLOWED" G="NOT_ALLOWED:NOT_ALLOWED:NOT_ALLOWED"/><o>1</o></a><a N="MIN_BVIA_STAGGER"><v V="0.000" G="0.000:0.000:0.000"/><o>1</o></a><a N="VIA_LIST"><v V="VTH_045C020P:VTH_048C023P:VTH_050C025P:VTH_060C030P:VST_071C125D:VTT_071CT045CB125D020P:VTT_071CT048CB125D023P:VTT_071CT050CB125D025P:VTT_071CT060CB125D030P:VSB_071C125D:VTB_045CT071CB125D020P:VTB_048CT071CB125D023P:VTB_050CT071CB125D025P:VTB_060CT071CB125D030P"/><o>1</o></a></o><o N="@p3449_b01_lib.p3449_b01(sch_1):\GENERIC_DEZ3\" A="GENERIC_DEZ3"><a N="MIN_LINE_WIDTH"><v V="0.100:0.080:0.080:0.100" G="0.100:0.080:0.100"/><o>1</o></a><a N="MIN_NECK_WIDTH"><v V="0.100:0.080:0.080:0.100" G="0.100:0.080:0.100"/><o>1</o></a><a N="MAX_BVIA_STAGGER"><v V="1000.000:1.000:1.000:1000.000" G="1000.000:1.000:1000.000"/><o>1</o></a><a N="DIFFP_PRIMARY_GAP"><v V="0.125" G="0.125:0.125:0.125"/><o>1</o></a><a N="DIFFP_NECK_GAP"><v V="0.000" G="0.000:0.000:0.000"/><o>1</o></a><a N="MAX_LINE_WIDTH"><v V="2.540" G="2.540:2.540:2.540"/><o>1</o></a><a N="MAXIMUM_NECK_LENGTH"><v V="1270.000" G="1270.000:1270.000:1270.000"/><o>1</o></a><a N="ALLOW_ON_ETCH_SUBCLASS"><v V="TRUE" G="TRUE:TRUE:TRUE"/><o>1</o></a><a N="TS_ALLOWED"><v V="ANYWHERE" G="ANYWHERE:ANYWHERE:ANYWHERE"/><o>1</o></a><a N="PAD_PAD_DIRECT_CONNECT"><v V="NOT_ALLOWED" G="NOT_ALLOWED:NOT_ALLOWED:NOT_ALLOWED"/><o>1</o></a><a N="MIN_BVIA_STAGGER"><v V="0.000" G="0.000:0.000:0.000"/><o>1</o></a><a N="DIFFP_COUPLED_PLUS"><v V="0.000" G="0.000:0.000:0.000"/><o>1</o></a><a N="DIFFP_COUPLED_MINUS"><v V="0.000" G="0.000:0.000:0.000"/><o>1</o></a><a N="DIFFP_MIN_SPACE"><v V="0.000" G="0.000:0.000:0.000"/><o>1</o></a><a N="VIA_LIST"><v V="VTH_045C020P:VTH_048C023P:VTH_050C025P:VTH_060C030P:VST_071C125D:VTT_071CT045CB125D020P:VTT_071CT048CB125D023P:VTT_071CT050CB125D025P:VTT_071CT060CB125D030P:VSB_071C125D:VTB_045CT071CB125D020P:VTB_048CT071CB125D023P:VTB_050CT071CB125D025P:VTB_060CT071CB125D030P"/><o>1</o></a></o><o N="@p3449_b01_lib.p3449_b01(sch_1):\45OHM_NETCLASS1\" A="45OHM_NETCLASS1"><a N="MIN_LINE_WIDTH"><v V="0.137:0.080:0.080:0.137" G="0.137:0.080:0.137"/><o>1</o></a><a N="MIN_NECK_WIDTH"><v V="0.137:0.080:0.080:0.137" G="0.137:0.080:0.137"/><o>1</o></a><a N="MAX_BVIA_STAGGER"><v V="1000.000:1.000:1.000:1000.000" G="1000.000:1.000:1000.000"/><o>1</o></a><a N="DIFFP_PRIMARY_GAP"><v V="0.125" G="0.125:0.125:0.125"/><o>1</o></a><a N="DIFFP_NECK_GAP"><v V="0.000" G="0.000:0.000:0.000"/><o>1</o></a><a N="MAX_LINE_WIDTH"><v V="0.137:2.540:2.540:0.137" G="0.137:2.540:0.137"/><o>1</o></a><a N="MAXIMUM_NECK_LENGTH"><v V="1270.000" G="1270.000:1270.000:1270.000"/><o>1</o></a><a N="ALLOW_ON_ETCH_SUBCLASS"><v V="TRUE" G="TRUE:TRUE:TRUE"/><o>1</o></a><a N="TS_ALLOWED"><v V="ANYWHERE" G="ANYWHERE:ANYWHERE:ANYWHERE"/><o>1</o></a><a N="PAD_PAD_DIRECT_CONNECT"><v V="NOT_ALLOWED" G="NOT_ALLOWED:NOT_ALLOWED:NOT_ALLOWED"/><o>1</o></a><a N="MIN_BVIA_STAGGER"><v V="0.000" G="0.000:0.000:0.000"/><o>1</o></a><a N="DIFFP_COUPLED_PLUS"><v V="0.000" G="0.000:0.000:0.000"/><o>1</o></a><a N="DIFFP_COUPLED_MINUS"><v V="0.000" G="0.000:0.000:0.000"/><o>1</o></a><a N="DIFFP_MIN_SPACE"><v V="0.000" G="0.000:0.000:0.000"/><o>1</o></a><a N="VIA_LIST"><v V="VTH_045C020P:VTH_048C023P:VTH_050C025P:VTH_060C030P:VST_071C125D:VTT_071CT045CB125D020P:VTT_071CT048CB125D023P:VTT_071CT050CB125D025P:VTT_071CT060CB125D030P:VSB_071C125D:VTB_045CT071CB125D020P:VTB_048CT071CB125D023P:VTB_050CT071CB125D025P:VTB_060CT071CB125D030P"/><o>1</o></a></o><o N="@p3449_b01_lib.p3449_b01(sch_1):\45OHM_NETCLASS2\" A="45OHM_NETCLASS2"><a N="MIN_LINE_WIDTH"><v V="0.137:0.080:0.080:0.137" G="0.137:0.080:0.137"/><o>1</o></a><a N="MIN_NECK_WIDTH"><v V="0.137:0.080:0.080:0.137" G="0.137:0.080:0.137"/><o>1</o></a><a N="MAX_BVIA_STAGGER"><v V="1000.000:1.000:1.000:1000.000" G="1000.000:1.000:1000.000"/><o>1</o></a><a N="DIFFP_PRIMARY_GAP"><v V="0.125" G="0.125:0.125:0.125"/><o>1</o></a><a N="DIFFP_NECK_GAP"><v V="0.000" G="0.000:0.000:0.000"/><o>1</o></a><a N="MAX_LINE_WIDTH"><v V="0.137:2.540:2.540:0.137" G="0.137:2.540:0.137"/><o>1</o></a><a N="MAXIMUM_NECK_LENGTH"><v V="1270.000" G="1270.000:1270.000:1270.000"/><o>1</o></a><a N="ALLOW_ON_ETCH_SUBCLASS"><v V="TRUE" G="TRUE:TRUE:TRUE"/><o>1</o></a><a N="TS_ALLOWED"><v V="ANYWHERE" G="ANYWHERE:ANYWHERE:ANYWHERE"/><o>1</o></a><a N="PAD_PAD_DIRECT_CONNECT"><v V="NOT_ALLOWED" G="NOT_ALLOWED:NOT_ALLOWED:NOT_ALLOWED"/><o>1</o></a><a N="MIN_BVIA_STAGGER"><v V="0.000" G="0.000:0.000:0.000"/><o>1</o></a><a N="DIFFP_COUPLED_PLUS"><v V="0.000" G="0.000:0.000:0.000"/><o>1</o></a><a N="DIFFP_COUPLED_MINUS"><v V="0.000" G="0.000:0.000:0.000"/><o>1</o></a><a N="DIFFP_MIN_SPACE"><v V="0.000" G="0.000:0.000:0.000"/><o>1</o></a><a N="VIA_LIST"><v V="VTH_045C020P:VTH_048C023P:VTH_050C025P:VTH_060C030P:VST_071C125D:VTT_071CT045CB125D020P:VTT_071CT048CB125D023P:VTT_071CT050CB125D025P:VTT_071CT060CB125D030P:VSB_071C125D:VTB_045CT071CB125D020P:VTB_048CT071CB125D023P:VTB_050CT071CB125D025P:VTB_060CT071CB125D030P"/><o>1</o></a></o><o N="@p3449_b01_lib.p3449_b01(sch_1):\45OHM_NETCLASS3\" A="45OHM_NETCLASS3"><a N="MIN_LINE_WIDTH"><v V="0.137:0.080:0.080:0.137" G="0.137:0.080:0.137"/><o>1</o></a><a N="MIN_NECK_WIDTH"><v V="0.137:0.080:0.080:0.137" G="0.137:0.080:0.137"/><o>1</o></a><a N="MAX_BVIA_STAGGER"><v V="1000.000:1.000:1.000:1000.000" G="1000.000:1.000:1000.000"/><o>1</o></a><a N="DIFFP_PRIMARY_GAP"><v V="0.125" G="0.125:0.125:0.125"/><o>1</o></a><a N="DIFFP_NECK_GAP"><v V="0.000" G="0.000:0.000:0.000"/><o>1</o></a><a N="MAX_LINE_WIDTH"><v V="0.137:2.540:2.540:0.137" G="0.137:2.540:0.137"/><o>1</o></a><a N="MAXIMUM_NECK_LENGTH"><v V="1270.000" G="1270.000:1270.000:1270.000"/><o>1</o></a><a N="ALLOW_ON_ETCH_SUBCLASS"><v V="TRUE" G="TRUE:TRUE:TRUE"/><o>1</o></a><a N="TS_ALLOWED"><v V="ANYWHERE" G="ANYWHERE:ANYWHERE:ANYWHERE"/><o>1</o></a><a N="PAD_PAD_DIRECT_CONNECT"><v V="NOT_ALLOWED" G="NOT_ALLOWED:NOT_ALLOWED:NOT_ALLOWED"/><o>1</o></a><a N="MIN_BVIA_STAGGER"><v V="0.000" G="0.000:0.000:0.000"/><o>1</o></a><a N="DIFFP_COUPLED_PLUS"><v V="0.000" G="0.000:0.000:0.000"/><o>1</o></a><a N="DIFFP_COUPLED_MINUS"><v V="0.000" G="0.000:0.000:0.000"/><o>1</o></a><a N="DIFFP_MIN_SPACE"><v V="0.000" G="0.000:0.000:0.000"/><o>1</o></a><a N="VIA_LIST"><v V="VTH_045C020P:VTH_048C023P:VTH_050C025P:VTH_060C030P:VST_071C125D:VTT_071CT045CB125D020P:VTT_071CT048CB125D023P:VTT_071CT050CB125D025P:VTT_071CT060CB125D030P:VSB_071C125D:VTB_045CT071CB125D020P:VTB_048CT071CB125D023P:VTB_050CT071CB125D025P:VTB_060CT071CB125D030P"/><o>1</o></a></o><o N="@p3449_b01_lib.p3449_b01(sch_1):\40OHM_NETCLASS1\" A="40OHM_NETCLASS1"><a N="MIN_LINE_WIDTH"><v V="0.170:0.080:0.080:0.170" G="0.170:0.080:0.170"/><o>1</o></a><a N="MIN_NECK_WIDTH"><v V="0.170:0.080:0.080:0.170" G="0.170:0.080:0.170"/><o>1</o></a><a N="MAX_BVIA_STAGGER"><v V="1000.000:1.000:1.000:1000.000" G="1000.000:1.000:1000.000"/><o>1</o></a><a N="DIFFP_PRIMARY_GAP"><v V="0.125" G="0.125:0.125:0.125"/><o>1</o></a><a N="DIFFP_NECK_GAP"><v V="0.000" G="0.000:0.000:0.000"/><o>1</o></a><a N="MAX_LINE_WIDTH"><v V="0.170:2.540:2.540:0.170" G="0.170:2.540:0.170"/><o>1</o></a><a N="MAXIMUM_NECK_LENGTH"><v V="1270.000" G="1270.000:1270.000:1270.000"/><o>1</o></a><a N="ALLOW_ON_ETCH_SUBCLASS"><v V="TRUE" G="TRUE:TRUE:TRUE"/><o>1</o></a><a N="TS_ALLOWED"><v V="ANYWHERE" G="ANYWHERE:ANYWHERE:ANYWHERE"/><o>1</o></a><a N="PAD_PAD_DIRECT_CONNECT"><v V="NOT_ALLOWED" G="NOT_ALLOWED:NOT_ALLOWED:NOT_ALLOWED"/><o>1</o></a><a N="MIN_BVIA_STAGGER"><v V="0.000" G="0.000:0.000:0.000"/><o>1</o></a><a N="DIFFP_COUPLED_PLUS"><v V="0.000" G="0.000:0.000:0.000"/><o>1</o></a><a N="DIFFP_COUPLED_MINUS"><v V="0.000" G="0.000:0.000:0.000"/><o>1</o></a><a N="DIFFP_MIN_SPACE"><v V="0.000" G="0.000:0.000:0.000"/><o>1</o></a><a N="VIA_LIST"><v V="VTH_045C020P:VTH_048C023P:VTH_050C025P:VTH_060C030P:VST_071C125D:VTT_071CT045CB125D020P:VTT_071CT048CB125D023P:VTT_071CT050CB125D025P:VTT_071CT060CB125D030P:VSB_071C125D:VTB_045CT071CB125D020P:VTB_048CT071CB125D023P:VTB_050CT071CB125D025P:VTB_060CT071CB125D030P"/><o>1</o></a></o><o N="@p3449_b01_lib.p3449_b01(sch_1):\40OHM_NETCLASS3\" A="40OHM_NETCLASS3"><a N="MIN_LINE_WIDTH"><v V="0.170:0.080:0.080:0.170" G="0.170:0.080:0.170"/><o>1</o></a><a N="MIN_NECK_WIDTH"><v V="0.170:0.080:0.080:0.170" G="0.170:0.080:0.170"/><o>1</o></a><a N="MAX_BVIA_STAGGER"><v V="1000.000:1.000:1.000:1000.000" G="1000.000:1.000:1000.000"/><o>1</o></a><a N="DIFFP_PRIMARY_GAP"><v V="0.125" G="0.125:0.125:0.125"/><o>1</o></a><a N="DIFFP_NECK_GAP"><v V="0.000" G="0.000:0.000:0.000"/><o>1</o></a><a N="MAX_LINE_WIDTH"><v V="0.170:2.540:2.540:0.170" G="0.170:2.540:0.170"/><o>1</o></a><a N="MAXIMUM_NECK_LENGTH"><v V="1270.000" G="1270.000:1270.000:1270.000"/><o>1</o></a><a N="ALLOW_ON_ETCH_SUBCLASS"><v V="TRUE" G="TRUE:TRUE:TRUE"/><o>1</o></a><a N="TS_ALLOWED"><v V="ANYWHERE" G="ANYWHERE:ANYWHERE:ANYWHERE"/><o>1</o></a><a N="PAD_PAD_DIRECT_CONNECT"><v V="NOT_ALLOWED" G="NOT_ALLOWED:NOT_ALLOWED:NOT_ALLOWED"/><o>1</o></a><a N="MIN_BVIA_STAGGER"><v V="0.000" G="0.000:0.000:0.000"/><o>1</o></a><a N="DIFFP_COUPLED_PLUS"><v V="0.000" G="0.000:0.000:0.000"/><o>1</o></a><a N="DIFFP_COUPLED_MINUS"><v V="0.000" G="0.000:0.000:0.000"/><o>1</o></a><a N="DIFFP_MIN_SPACE"><v V="0.000" G="0.000:0.000:0.000"/><o>1</o></a><a N="VIA_LIST"><v V="VTH_045C020P:VTH_048C023P:VTH_050C025P:VTH_060C030P:VST_071C125D:VTT_071CT045CB125D020P:VTT_071CT048CB125D023P:VTT_071CT050CB125D025P:VTT_071CT060CB125D030P:VSB_071C125D:VTB_045CT071CB125D020P:VTB_048CT071CB125D023P:VTB_050CT071CB125D025P:VTB_060CT071CB125D030P"/><o>1</o></a></o><o N="@p3449_b01_lib.p3449_b01(sch_1):\40OHM_NETCLASS2\" A="40OHM_NETCLASS2"><a N="MIN_LINE_WIDTH"><v V="0.170:0.080:0.080:0.170" G="0.170:0.080:0.170"/><o>1</o></a><a N="MIN_NECK_WIDTH"><v V="0.170:0.080:0.080:0.170" G="0.170:0.080:0.170"/><o>1</o></a><a N="MAX_BVIA_STAGGER"><v V="1000.000:1.000:1.000:1000.000" G="1000.000:1.000:1000.000"/><o>1</o></a><a N="DIFFP_PRIMARY_GAP"><v V="0.125" G="0.125:0.125:0.125"/><o>1</o></a><a N="DIFFP_NECK_GAP"><v V="0.000" G="0.000:0.000:0.000"/><o>1</o></a><a N="MAX_LINE_WIDTH"><v V="0.170:2.540:2.540:0.170" G="0.170:2.540:0.170"/><o>1</o></a><a N="MAXIMUM_NECK_LENGTH"><v V="1270.000" G="1270.000:1270.000:1270.000"/><o>1</o></a><a N="ALLOW_ON_ETCH_SUBCLASS"><v V="TRUE" G="TRUE:TRUE:TRUE"/><o>1</o></a><a N="TS_ALLOWED"><v V="ANYWHERE" G="ANYWHERE:ANYWHERE:ANYWHERE"/><o>1</o></a><a N="PAD_PAD_DIRECT_CONNECT"><v V="NOT_ALLOWED" G="NOT_ALLOWED:NOT_ALLOWED:NOT_ALLOWED"/><o>1</o></a><a N="MIN_BVIA_STAGGER"><v V="0.000" G="0.000:0.000:0.000"/><o>1</o></a><a N="DIFFP_COUPLED_PLUS"><v V="0.000" G="0.000:0.000:0.000"/><o>1</o></a><a N="DIFFP_COUPLED_MINUS"><v V="0.000" G="0.000:0.000:0.000"/><o>1</o></a><a N="DIFFP_MIN_SPACE"><v V="0.000" G="0.000:0.000:0.000"/><o>1</o></a><a N="VIA_LIST"><v V="VTH_045C020P:VTH_048C023P:VTH_050C025P:VTH_060C030P:VST_071C125D:VTT_071CT045CB125D020P:VTT_071CT048CB125D023P:VTT_071CT050CB125D025P:VTT_071CT060CB125D030P:VSB_071C125D:VTB_045CT071CB125D020P:VTB_048CT071CB125D023P:VTB_050CT071CB125D025P:VTB_060CT071CB125D030P"/><o>1</o></a></o><o N="@p3449_b01_lib.p3449_b01(sch_1):\90DIFF_NETCLASS3\" A="90DIFF_NETCLASS3"><a N="MIN_LINE_WIDTH"><v V="0.101:0.080:0.080:0.101" G="0.101:0.080:0.101"/><o>1</o></a><a N="MIN_NECK_WIDTH"><v V="0.101:0.080:0.080:0.101" G="0.101:0.080:0.101"/><o>1</o></a><a N="MAX_BVIA_STAGGER"><v V="1000.000:1.000:1.000:1000.000" G="1000.000:1.000:1000.000"/><o>1</o></a><a N="TS_ALLOWED"><v V="ANYWHERE" G="ANYWHERE:ANYWHERE:ANYWHERE"/><o>1</o></a><a N="DIFFP_PRIMARY_GAP"><v V="0.120:0.000:0.000:0.120" G="0.120:0.000:0.120"/><o>1</o></a><a N="DIFFP_NECK_GAP"><v V="0.120:0.000:0.000:0.120" G="0.120:0.000:0.120"/><o>1</o></a><a N="MAX_LINE_WIDTH"><v V="0.101:0.080:0.080:0.101" G="0.101:0.080:0.101"/><o>1</o></a><a N="MAXIMUM_NECK_LENGTH"><v V="1270.000" G="1270.000:1270.000:1270.000"/><o>1</o></a><a N="PAD_PAD_DIRECT_CONNECT"><v V="NOT_ALLOWED" G="NOT_ALLOWED:NOT_ALLOWED:NOT_ALLOWED"/><o>1</o></a><a N="ALLOW_ON_ETCH_SUBCLASS"><v V="TRUE:FALSE:FALSE:TRUE" G="TRUE:FALSE:TRUE"/><o>1</o></a><a N="DIFFP_COUPLED_PLUS"><v V="0.002" G="0.002:0.002:0.002"/><o>1</o></a><a N="DIFFP_COUPLED_MINUS"><v V="0.002" G="0.002:0.002:0.002"/><o>1</o></a><a N="DIFFP_MIN_SPACE"><v V="0.118:0.000:0.000:0.118" G="0.118:0.000:0.118"/><o>1</o></a><a N="MIN_BVIA_STAGGER"><v V="0.000" G="0.000:0.000:0.000"/><o>1</o></a><a N="VIA_LIST"><v V="VTH_045C020P:VTH_048C023P:VTH_050C025P:VTH_060C030P:VST_071C125D:VTT_071CT045CB125D020P:VTT_071CT048CB125D023P:VTT_071CT050CB125D025P:VTT_071CT060CB125D030P:VSB_071C125D:VTB_045CT071CB125D020P:VTB_048CT071CB125D023P:VTB_050CT071CB125D025P:VTB_060CT071CB125D030P"/><o>1</o></a></o><o N="@p3449_b01_lib.p3449_b01(sch_1):\90DIFF_NETCLASS2\" A="90DIFF_NETCLASS2"><a N="MIN_LINE_WIDTH"><v V="0.101:0.080:0.080:0.101" G="0.101:0.080:0.101"/><o>1</o></a><a N="MIN_NECK_WIDTH"><v V="0.101:0.080:0.080:0.101" G="0.101:0.080:0.101"/><o>1</o></a><a N="MAX_BVIA_STAGGER"><v V="1000.000:1.000:1.000:1000.000" G="1000.000:1.000:1000.000"/><o>1</o></a><a N="TS_ALLOWED"><v V="ANYWHERE" G="ANYWHERE:ANYWHERE:ANYWHERE"/><o>1</o></a><a N="DIFFP_PRIMARY_GAP"><v V="0.120:0.000:0.000:0.120" G="0.120:0.000:0.120"/><o>1</o></a><a N="DIFFP_NECK_GAP"><v V="0.120:0.000:0.000:0.120" G="0.120:0.000:0.120"/><o>1</o></a><a N="MAX_LINE_WIDTH"><v V="0.101:0.080:0.080:0.101" G="0.101:0.080:0.101"/><o>1</o></a><a N="MAXIMUM_NECK_LENGTH"><v V="1270.000" G="1270.000:1270.000:1270.000"/><o>1</o></a><a N="PAD_PAD_DIRECT_CONNECT"><v V="NOT_ALLOWED" G="NOT_ALLOWED:NOT_ALLOWED:NOT_ALLOWED"/><o>1</o></a><a N="ALLOW_ON_ETCH_SUBCLASS"><v V="TRUE:FALSE:FALSE:TRUE" G="TRUE:FALSE:TRUE"/><o>1</o></a><a N="DIFFP_COUPLED_PLUS"><v V="0.002" G="0.002:0.002:0.002"/><o>1</o></a><a N="DIFFP_COUPLED_MINUS"><v V="0.002" G="0.002:0.002:0.002"/><o>1</o></a><a N="DIFFP_MIN_SPACE"><v V="0.118:0.000:0.000:0.118" G="0.118:0.000:0.118"/><o>1</o></a><a N="MIN_BVIA_STAGGER"><v V="0.000" G="0.000:0.000:0.000"/><o>1</o></a><a N="VIA_LIST"><v V="VTH_045C020P:VTH_048C023P:VTH_050C025P:VTH_060C030P:VST_071C125D:VTT_071CT045CB125D020P:VTT_071CT048CB125D023P:VTT_071CT050CB125D025P:VTT_071CT060CB125D030P:VSB_071C125D:VTB_045CT071CB125D020P:VTB_048CT071CB125D023P:VTB_050CT071CB125D025P:VTB_060CT071CB125D030P"/><o>1</o></a></o><o N="@p3449_b01_lib.p3449_b01(sch_1):\90DIFF_NETCLASS1\" A="90DIFF_NETCLASS1"><a N="MIN_LINE_WIDTH"><v V="0.101:0.080:0.080:0.101" G="0.101:0.080:0.101"/><o>1</o></a><a N="MIN_NECK_WIDTH"><v V="0.101:0.080:0.080:0.101" G="0.101:0.080:0.101"/><o>1</o></a><a N="MAX_BVIA_STAGGER"><v V="1000.000:1.000:1.000:1000.000" G="1000.000:1.000:1000.000"/><o>1</o></a><a N="TS_ALLOWED"><v V="ANYWHERE" G="ANYWHERE:ANYWHERE:ANYWHERE"/><o>1</o></a><a N="DIFFP_PRIMARY_GAP"><v V="0.120:0.000:0.000:0.120" G="0.120:0.000:0.120"/><o>1</o></a><a N="DIFFP_NECK_GAP"><v V="0.120:0.000:0.000:0.120" G="0.120:0.000:0.120"/><o>1</o></a><a N="MAX_LINE_WIDTH"><v V="0.101:0.080:0.080:0.101" G="0.101:0.080:0.101"/><o>1</o></a><a N="MAXIMUM_NECK_LENGTH"><v V="1270.000" G="1270.000:1270.000:1270.000"/><o>1</o></a><a N="PAD_PAD_DIRECT_CONNECT"><v V="NOT_ALLOWED" G="NOT_ALLOWED:NOT_ALLOWED:NOT_ALLOWED"/><o>1</o></a><a N="ALLOW_ON_ETCH_SUBCLASS"><v V="TRUE:FALSE:FALSE:TRUE" G="TRUE:FALSE:TRUE"/><o>1</o></a><a N="DIFFP_COUPLED_PLUS"><v V="0.002" G="0.002:0.002:0.002"/><o>1</o></a><a N="DIFFP_COUPLED_MINUS"><v V="0.002" G="0.002:0.002:0.002"/><o>1</o></a><a N="DIFFP_MIN_SPACE"><v V="0.118:0.000:0.000:0.118" G="0.118:0.000:0.118"/><o>1</o></a><a N="MIN_BVIA_STAGGER"><v V="0.000" G="0.000:0.000:0.000"/><o>1</o></a><a N="VIA_LIST"><v V="VTH_045C020P:VTH_048C023P:VTH_050C025P:VTH_060C030P:VST_071C125D:VTT_071CT045CB125D020P:VTT_071CT048CB125D023P:VTT_071CT050CB125D025P:VTT_071CT060CB125D030P:VSB_071C125D:VTB_045CT071CB125D020P:VTB_048CT071CB125D023P:VTB_050CT071CB125D025P:VTB_060CT071CB125D030P"/><o>1</o></a></o><o N="@p3449_b01_lib.p3449_b01(sch_1):\50OHM_NETCLASS3\" A="50OHM_NETCLASS3"><a N="MIN_LINE_WIDTH"><v V="0.112:0.084:0.084:0.112" G="0.112:0.084:0.112"/><o>1</o></a><a N="MIN_NECK_WIDTH"><v V="0.112:0.084:0.084:0.112" G="0.112:0.084:0.112"/><o>1</o></a><a N="MAX_BVIA_STAGGER"><v V="1000.000:1.000:1.000:1000.000" G="1000.000:1.000:1000.000"/><o>1</o></a><a N="TS_ALLOWED"><v V="ANYWHERE" G="ANYWHERE:ANYWHERE:ANYWHERE"/><o>1</o></a><a N="DIFFP_PRIMARY_GAP"><v V="0.125" G="0.125:0.125:0.125"/><o>1</o></a><a N="DIFFP_NECK_GAP"><v V="0.000" G="0.000:0.000:0.000"/><o>1</o></a><a N="MAX_LINE_WIDTH"><v V="0.112:0.084:0.084:0.112" G="0.112:0.084:0.112"/><o>1</o></a><a N="MAXIMUM_NECK_LENGTH"><v V="1270.000" G="1270.000:1270.000:1270.000"/><o>1</o></a><a N="PAD_PAD_DIRECT_CONNECT"><v V="NOT_ALLOWED" G="NOT_ALLOWED:NOT_ALLOWED:NOT_ALLOWED"/><o>1</o></a><a N="ALLOW_ON_ETCH_SUBCLASS"><v V="TRUE" G="TRUE:TRUE:TRUE"/><o>1</o></a><a N="MIN_BVIA_STAGGER"><v V="0.000" G="0.000:0.000:0.000"/><o>1</o></a><a N="DIFFP_COUPLED_PLUS"><v V="0.000" G="0.000:0.000:0.000"/><o>1</o></a><a N="DIFFP_COUPLED_MINUS"><v V="0.000" G="0.000:0.000:0.000"/><o>1</o></a><a N="DIFFP_MIN_SPACE"><v V="0.000" G="0.000:0.000:0.000"/><o>1</o></a><a N="VIA_LIST"><v V="VTH_045C020P:VTH_048C023P:VTH_050C025P:VTH_060C030P:VST_071C125D:VTT_071CT045CB125D020P:VTT_071CT048CB125D023P:VTT_071CT050CB125D025P:VTT_071CT060CB125D030P:VSB_071C125D:VTB_045CT071CB125D020P:VTB_048CT071CB125D023P:VTB_050CT071CB125D025P:VTB_060CT071CB125D030P"/><o>1</o></a></o><o N="@p3449_b01_lib.p3449_b01(sch_1):\50OHM_NETCLASS1\" A="50OHM_NETCLASS1"><a N="MIN_LINE_WIDTH"><v V="0.112:0.084:0.084:0.112" G="0.112:0.084:0.112"/><o>1</o></a><a N="MIN_NECK_WIDTH"><v V="0.112:0.084:0.084:0.112" G="0.112:0.084:0.112"/><o>1</o></a><a N="MAX_BVIA_STAGGER"><v V="1000.000:1.000:1.000:1000.000" G="1000.000:1.000:1000.000"/><o>1</o></a><a N="TS_ALLOWED"><v V="ANYWHERE" G="ANYWHERE:ANYWHERE:ANYWHERE"/><o>1</o></a><a N="DIFFP_PRIMARY_GAP"><v V="0.125" G="0.125:0.125:0.125"/><o>1</o></a><a N="DIFFP_NECK_GAP"><v V="0.000" G="0.000:0.000:0.000"/><o>1</o></a><a N="MAX_LINE_WIDTH"><v V="0.112:0.084:0.084:0.112" G="0.112:0.084:0.112"/><o>1</o></a><a N="MAXIMUM_NECK_LENGTH"><v V="1270.000" G="1270.000:1270.000:1270.000"/><o>1</o></a><a N="PAD_PAD_DIRECT_CONNECT"><v V="NOT_ALLOWED" G="NOT_ALLOWED:NOT_ALLOWED:NOT_ALLOWED"/><o>1</o></a><a N="ALLOW_ON_ETCH_SUBCLASS"><v V="TRUE" G="TRUE:TRUE:TRUE"/><o>1</o></a><a N="MIN_BVIA_STAGGER"><v V="0.000" G="0.000:0.000:0.000"/><o>1</o></a><a N="DIFFP_COUPLED_PLUS"><v V="0.000" G="0.000:0.000:0.000"/><o>1</o></a><a N="DIFFP_COUPLED_MINUS"><v V="0.000" G="0.000:0.000:0.000"/><o>1</o></a><a N="DIFFP_MIN_SPACE"><v V="0.000" G="0.000:0.000:0.000"/><o>1</o></a><a N="VIA_LIST"><v V="VTH_045C020P:VTH_048C023P:VTH_050C025P:VTH_060C030P:VST_071C125D:VTT_071CT045CB125D020P:VTT_071CT048CB125D023P:VTT_071CT050CB125D025P:VTT_071CT060CB125D030P:VSB_071C125D:VTB_045CT071CB125D020P:VTB_048CT071CB125D023P:VTB_050CT071CB125D025P:VTB_060CT071CB125D030P"/><o>1</o></a></o><o N="@p3449_b01_lib.p3449_b01(sch_1):\50OHM_NETCLASS2\" A="50OHM_NETCLASS2"><a N="MIN_LINE_WIDTH"><v V="0.112:0.084:0.084:0.112" G="0.112:0.084:0.112"/><o>1</o></a><a N="MIN_NECK_WIDTH"><v V="0.112:0.084:0.084:0.112" G="0.112:0.084:0.112"/><o>1</o></a><a N="MAX_BVIA_STAGGER"><v V="1000.000:1.000:1.000:1000.000" G="1000.000:1.000:1000.000"/><o>1</o></a><a N="TS_ALLOWED"><v V="ANYWHERE" G="ANYWHERE:ANYWHERE:ANYWHERE"/><o>1</o></a><a N="DIFFP_PRIMARY_GAP"><v V="0.125" G="0.125:0.125:0.125"/><o>1</o></a><a N="DIFFP_NECK_GAP"><v V="0.000" G="0.000:0.000:0.000"/><o>1</o></a><a N="MAX_LINE_WIDTH"><v V="0.112:0.084:0.084:0.112" G="0.112:0.084:0.112"/><o>1</o></a><a N="MAXIMUM_NECK_LENGTH"><v V="1270.000" G="1270.000:1270.000:1270.000"/><o>1</o></a><a N="PAD_PAD_DIRECT_CONNECT"><v V="NOT_ALLOWED" G="NOT_ALLOWED:NOT_ALLOWED:NOT_ALLOWED"/><o>1</o></a><a N="ALLOW_ON_ETCH_SUBCLASS"><v V="TRUE" G="TRUE:TRUE:TRUE"/><o>1</o></a><a N="MIN_BVIA_STAGGER"><v V="0.000" G="0.000:0.000:0.000"/><o>1</o></a><a N="DIFFP_COUPLED_PLUS"><v V="0.000" G="0.000:0.000:0.000"/><o>1</o></a><a N="DIFFP_COUPLED_MINUS"><v V="0.000" G="0.000:0.000:0.000"/><o>1</o></a><a N="DIFFP_MIN_SPACE"><v V="0.000" G="0.000:0.000:0.000"/><o>1</o></a><a N="VIA_LIST"><v V="VTH_045C020P:VTH_048C023P:VTH_050C025P:VTH_060C030P:VST_071C125D:VTT_071CT045CB125D020P:VTT_071CT048CB125D023P:VTT_071CT050CB125D025P:VTT_071CT060CB125D030P:VSB_071C125D:VTB_045CT071CB125D020P:VTB_048CT071CB125D023P:VTB_050CT071CB125D025P:VTB_060CT071CB125D030P"/><o>1</o></a></o><o N="@p3449_b01_lib.p3449_b01(sch_1):\DEFAULT_Z\" A="DEFAULT_Z"><a N="MIN_LINE_WIDTH"><v V="0.125:0.090:0.090:0.125" G="0.125:0.090:0.125"/><o>1</o></a><a N="MIN_NECK_WIDTH"><v V="0.125:0.090:0.090:0.125" G="0.125:0.090:0.125"/><o>1</o></a><a N="MAX_BVIA_STAGGER"><v V="1000.000:1.000:1.000:1000.000" G="1000.000:1.000:1000.000"/><o>1</o></a><a N="DIFFP_PRIMARY_GAP"><v V="0.125" G="0.125:0.125:0.125"/><o>1</o></a><a N="DIFFP_NECK_GAP"><v V="0.000" G="0.000:0.000:0.000"/><o>1</o></a><a N="MAX_LINE_WIDTH"><v V="2.540" G="2.540:2.540:2.540"/><o>1</o></a><a N="MAXIMUM_NECK_LENGTH"><v V="1270.000" G="1270.000:1270.000:1270.000"/><o>1</o></a><a N="ALLOW_ON_ETCH_SUBCLASS"><v V="TRUE" G="TRUE:TRUE:TRUE"/><o>1</o></a><a N="TS_ALLOWED"><v V="ANYWHERE" G="ANYWHERE:ANYWHERE:ANYWHERE"/><o>1</o></a><a N="PAD_PAD_DIRECT_CONNECT"><v V="NOT_ALLOWED" G="NOT_ALLOWED:NOT_ALLOWED:NOT_ALLOWED"/><o>1</o></a><a N="MIN_BVIA_STAGGER"><v V="0.000" G="0.000:0.000:0.000"/><o>1</o></a><a N="DIFFP_COUPLED_PLUS"><v V="0.000" G="0.000:0.000:0.000"/><o>1</o></a><a N="DIFFP_COUPLED_MINUS"><v V="0.000" G="0.000:0.000:0.000"/><o>1</o></a><a N="DIFFP_MIN_SPACE"><v V="0.000" G="0.000:0.000:0.000"/><o>1</o></a><a N="VIA_LIST"><v V="VTH_048C023P:VTH_050C025P:VTH_060C030P:VST_071C125D:VTT_071CT048CB125D023P:VTT_071CT050CB125D025P:VTT_071CT060CB125D030P:VSB_071C125D:VTB_048CT071CB125D023P:VTB_050CT071CB125D025P:VTB_060CT071CB125D030P"/><o>1</o></a></o><o N="@p3449_b01_lib.p3449_b01(sch_1):\DP_SIGNALS\" A="DP_SIGNALS"><a N="MIN_LINE_WIDTH"><v V="0.106:0.080:0.080:0.106" G="0.106:0.080:0.106"/><o>1</o></a><a N="MIN_NECK_WIDTH"><v V="0.106:0.080:0.080:0.106" G="0.106:0.080:0.106"/><o>1</o></a><a N="MIN_BVIA_STAGGER"><v V="0.000" G="0.000:0.000:0.000"/><o>1</o></a><a N="MAX_BVIA_STAGGER"><v V="1000.000:1.000:1.000:1000.000" G="1000.000:1.000:1000.000"/><o>1</o></a><a N="TS_ALLOWED"><v V="ANYWHERE" G="ANYWHERE:ANYWHERE:ANYWHERE"/><o>1</o></a><a N="DIFFP_PRIMARY_GAP"><v V="0.102:0.000:0.000:0.102" G="0.102:0.000:0.102"/><o>1</o></a><a N="DIFFP_NECK_GAP"><v V="0.102:0.000:0.000:0.102" G="0.102:0.000:0.102"/><o>1</o></a><a N="MAX_LINE_WIDTH"><v V="0.106:0.080:0.080:0.106" G="0.106:0.080:0.106"/><o>1</o></a><a N="MAXIMUM_NECK_LENGTH"><v V="1270.000" G="1270.000:1270.000:1270.000"/><o>1</o></a><a N="PAD_PAD_DIRECT_CONNECT"><v V="NOT_ALLOWED" G="NOT_ALLOWED:NOT_ALLOWED:NOT_ALLOWED"/><o>1</o></a><a N="ALLOW_ON_ETCH_SUBCLASS"><v V="TRUE" G="TRUE:TRUE:TRUE"/><o>1</o></a><a N="DIFFP_COUPLED_PLUS"><v V="0.002" G="0.002:0.002:0.002"/><o>1</o></a><a N="DIFFP_COUPLED_MINUS"><v V="0.002" G="0.002:0.002:0.002"/><o>1</o></a><a N="DIFFP_MIN_SPACE"><v V="0.100:0.000:0.000:0.100" G="0.100:0.000:0.100"/><o>1</o></a><a N="VIA_LIST"><v V="VTH_045C020P:VTH_048C023P:VTH_050C025P:VTH_060C030P:VST_071C125D:VTT_071CT045CB125D020P:VTT_071CT048CB125D023P:VTT_071CT050CB125D025P:VTT_071CT060CB125D030P:VSB_071C125D:VTB_045CT071CB125D020P:VTB_048CT071CB125D023P:VTB_050CT071CB125D025P:VTB_060CT071CB125D030P"/><o>1</o></a></o><o N="@p3449_b01_lib.p3449_b01(sch_1):\USB_SIGNALS\" A="USB_SIGNALS"><a N="MIN_LINE_WIDTH"><v V="0.101:0.080:0.080:0.101" G="0.101:0.080:0.101"/><o>1</o></a><a N="MIN_NECK_WIDTH"><v V="0.101:0.080:0.080:0.101" G="0.101:0.080:0.101"/><o>1</o></a><a N="MAX_BVIA_STAGGER"><v V="1000.000:1.000:1.000:1000.000" G="1000.000:1.000:1000.000"/><o>1</o></a><a N="TS_ALLOWED"><v V="ANYWHERE" G="ANYWHERE:ANYWHERE:ANYWHERE"/><o>1</o></a><a N="DIFFP_PRIMARY_GAP"><v V="0.120:0.000:0.000:0.120" G="0.120:0.000:0.120"/><o>1</o></a><a N="DIFFP_NECK_GAP"><v V="0.120:0.000:0.000:0.120" G="0.120:0.000:0.120"/><o>1</o></a><a N="MAX_LINE_WIDTH"><v V="0.101:0.080:0.080:0.101" G="0.101:0.080:0.101"/><o>1</o></a><a N="MAXIMUM_NECK_LENGTH"><v V="1270.000" G="1270.000:1270.000:1270.000"/><o>1</o></a><a N="PAD_PAD_DIRECT_CONNECT"><v V="NOT_ALLOWED" G="NOT_ALLOWED:NOT_ALLOWED:NOT_ALLOWED"/><o>1</o></a><a N="ALLOW_ON_ETCH_SUBCLASS"><v V="TRUE:FALSE:FALSE:TRUE" G="TRUE:FALSE:TRUE"/><o>1</o></a><a N="DIFFP_COUPLED_PLUS"><v V="0.002" G="0.002:0.002:0.002"/><o>1</o></a><a N="DIFFP_COUPLED_MINUS"><v V="0.002" G="0.002:0.002:0.002"/><o>1</o></a><a N="DIFFP_MIN_SPACE"><v V="0.118:0.000:0.000:0.118" G="0.118:0.000:0.118"/><o>1</o></a><a N="MIN_BVIA_STAGGER"><v V="0.000" G="0.000:0.000:0.000"/><o>1</o></a><a N="VIA_LIST"><v V="VTH_045C020P:VTH_048C023P:VTH_050C025P:VTH_060C030P:VST_071C125D:VTT_071CT045CB125D020P:VTT_071CT048CB125D023P:VTT_071CT050CB125D025P:VTT_071CT060CB125D030P:VSB_071C125D:VTB_045CT071CB125D020P:VTB_048CT071CB125D023P:VTB_050CT071CB125D025P:VTB_060CT071CB125D030P"/><o>1</o></a></o><o N="@p3449_b01_lib.p3449_b01(sch_1):\ETH_SIGNALS\" A="ETH_SIGNALS"><a N="MIN_LINE_WIDTH"><v V="0.102:0.080:0.080:0.102" G="0.102:0.080:0.102"/><o>1</o></a><a N="MIN_NECK_WIDTH"><v V="0.102:0.080:0.080:0.102" G="0.102:0.080:0.102"/><o>1</o></a><a N="MAX_BVIA_STAGGER"><v V="1000.000:1.000:1.000:1000.000" G="1000.000:1.000:1000.000"/><o>1</o></a><a N="DIFFP_PRIMARY_GAP"><v V="0.179:0.000:0.000:0.179" G="0.179:0.000:0.179"/><o>1</o></a><a N="DIFFP_NECK_GAP"><v V="0.179:0.000:0.000:0.179" G="0.179:0.000:0.179"/><o>1</o></a><a N="DIFFP_MIN_SPACE"><v V="0.177:0.000:0.000:0.177" G="0.177:0.000:0.177"/><o>1</o></a><a N="DIFFP_COUPLED_PLUS"><v V="0.002" G="0.002:0.002:0.002"/><o>1</o></a><a N="DIFFP_COUPLED_MINUS"><v V="0.002" G="0.002:0.002:0.002"/><o>1</o></a><a N="MAX_LINE_WIDTH"><v V="0.102:0.080:0.080:0.102" G="0.102:0.080:0.102"/><o>1</o></a><a N="MAXIMUM_NECK_LENGTH"><v V="1270.000" G="1270.000:1270.000:1270.000"/><o>1</o></a><a N="ALLOW_ON_ETCH_SUBCLASS"><v V="TRUE" G="TRUE:TRUE:TRUE"/><o>1</o></a><a N="TS_ALLOWED"><v V="ANYWHERE" G="ANYWHERE:ANYWHERE:ANYWHERE"/><o>1</o></a><a N="PAD_PAD_DIRECT_CONNECT"><v V="NOT_ALLOWED" G="NOT_ALLOWED:NOT_ALLOWED:NOT_ALLOWED"/><o>1</o></a><a N="MIN_BVIA_STAGGER"><v V="0.000" G="0.000:0.000:0.000"/><o>1</o></a><a N="VIA_LIST"><v V="VTH_045C020P:VTH_048C023P:VTH_050C025P:VTH_060C030P:VST_071C125D:VTT_071CT045CB125D020P:VTT_071CT048CB125D023P:VTT_071CT050CB125D025P:VTT_071CT060CB125D030P:VSB_071C125D:VTB_045CT071CB125D020P:VTB_048CT071CB125D023P:VTB_050CT071CB125D025P:VTB_060CT071CB125D030P"/><o>1</o></a></o><o N="@p3449_b01_lib.p3449_b01(sch_1):\VIA_IN_PAD_AREA\" A="VIA_IN_PAD_AREA"><a N="MIN_NECK_WIDTH"><v V="0.100:0.080:0.080:0.100" G="0.100:0.080:0.100"/><o>1</o></a><a N="DIFFP_PRIMARY_GAP"><v V="0.125" G="0.125:0.125:0.125"/><o>1</o></a><a N="MIN_LINE_WIDTH"><v V="0.100:0.080:0.080:0.100" G="0.100:0.080:0.100"/><o>1</o></a><a N="DIFFP_NECK_GAP"><v V="0.000" G="0.000:0.000:0.000"/><o>1</o></a><a N="TS_ALLOWED"><v V="ANYWHERE" G="ANYWHERE:ANYWHERE:ANYWHERE"/><o>1</o></a><a N="PAD_PAD_DIRECT_CONNECT"><v V="VIAS_PINS_ONLY:NOT_ALLOWED:NOT_ALLOWED:VIAS_PINS_ONLY" G="VIAS_PINS_ONLY:NOT_ALLOWED:VIAS_PINS_ONLY"/><o>1</o></a><a N="MAXIMUM_NECK_LENGTH"><v V="1270.000" G="1270.000:1270.000:1270.000"/><o>1</o></a><a N="MAX_BVIA_STAGGER"><v V="1000.000:1.000:1.000:1000.000" G="1000.000:1.000:1000.000"/><o>1</o></a><a N="ALLOW_ON_ETCH_SUBCLASS"><v V="TRUE" G="TRUE:TRUE:TRUE"/><o>1</o></a><a N="MAX_LINE_WIDTH"><v V="2.540" G="2.540:2.540:2.540"/><o>1</o></a><a N="DIFFP_COUPLED_MINUS"><v V="0.000" G="0.000:0.000:0.000"/><o>1</o></a><a N="DIFFP_COUPLED_PLUS"><v V="0.000" G="0.000:0.000:0.000"/><o>1</o></a><a N="MIN_BVIA_STAGGER"><v V="0.000" G="0.000:0.000:0.000"/><o>1</o></a><a N="DIFFP_MIN_SPACE"><v V="0.000" G="0.000:0.000:0.000"/><o>1</o></a><a N="VIA_LIST"><v V="VTH_045C020P:VTH_048C023P:VTH_050C025P:VTH_060C030P:VST_071C125D:VTT_071CT045CB125D020P:VTT_071CT048CB125D023P:VTT_071CT050CB125D025P:VTT_071CT060CB125D030P:VSB_071C125D:VTB_045CT071CB125D020P:VTB_048CT071CB125D023P:VTB_050CT071CB125D025P:VTB_060CT071CB125D030P"/><o>1</o></a></o><o N="@p3449_b01_lib.p3449_b01(sch_1):\VIA_IN_PAD_AREA_Z\" A="VIA_IN_PAD_AREA_Z"><a N="MIN_NECK_WIDTH"><v V="0.125:0.090:0.090:0.125" G="0.125:0.090:0.125"/><o>1</o></a><a N="DIFFP_PRIMARY_GAP"><v V="0.125" G="0.125:0.125:0.125"/><o>1</o></a><a N="MIN_LINE_WIDTH"><v V="0.125:0.090:0.090:0.125" G="0.125:0.090:0.125"/><o>1</o></a><a N="DIFFP_NECK_GAP"><v V="0.000" G="0.000:0.000:0.000"/><o>1</o></a><a N="TS_ALLOWED"><v V="ANYWHERE" G="ANYWHERE:ANYWHERE:ANYWHERE"/><o>1</o></a><a N="PAD_PAD_DIRECT_CONNECT"><v V="VIAS_PINS_ONLY:NOT_ALLOWED:NOT_ALLOWED:VIAS_PINS_ONLY" G="VIAS_PINS_ONLY:NOT_ALLOWED:VIAS_PINS_ONLY"/><o>1</o></a><a N="MAXIMUM_NECK_LENGTH"><v V="1270.000" G="1270.000:1270.000:1270.000"/><o>1</o></a><a N="MAX_BVIA_STAGGER"><v V="1000.000:1.000:1.000:1000.000" G="1000.000:1.000:1000.000"/><o>1</o></a><a N="ALLOW_ON_ETCH_SUBCLASS"><v V="TRUE" G="TRUE:TRUE:TRUE"/><o>1</o></a><a N="MAX_LINE_WIDTH"><v V="2.540" G="2.540:2.540:2.540"/><o>1</o></a><a N="DIFFP_COUPLED_MINUS"><v V="0.000" G="0.000:0.000:0.000"/><o>1</o></a><a N="DIFFP_COUPLED_PLUS"><v V="0.000" G="0.000:0.000:0.000"/><o>1</o></a><a N="MIN_BVIA_STAGGER"><v V="0.000" G="0.000:0.000:0.000"/><o>1</o></a><a N="DIFFP_MIN_SPACE"><v V="0.000" G="0.000:0.000:0.000"/><o>1</o></a><a N="VIA_LIST"><v V="VTH_048C023P:VTH_050C025P:VTH_060C030P:VST_071C125D:VTT_071CT048CB125D023P:VTT_071CT050CB125D025P:VTT_071CT060CB125D030P:VSB_071C125D:VTB_048CT071CB125D023P:VTB_050CT071CB125D025P:VTB_060CT071CB125D030P"/><o>1</o></a></o></root>