<?xml version="1.0" encoding="UTF-8" standalone="no"?><root><o N="@p3449_b01_lib.p3449_b01(sch_1):page12_i78@power_supply.u_buck_fet_1ph(chips):agnd" A="U9.9"/><o N="@p3449_b01_lib.p3449_b01(sch_1):page12_i78@power_supply.u_buck_fet_1ph(chips):bst" A="U9.7"/><o N="@p3449_b01_lib.p3449_b01(sch_1):page12_i78@power_supply.u_buck_fet_1ph(chips):en" A="U9.11"/><o N="@p3449_b01_lib.p3449_b01(sch_1):page12_i78@power_supply.u_buck_fet_1ph(chips):fb" A="U9.10"/><o N="@p3449_b01_lib.p3449_b01(sch_1):page12_i78@power_supply.u_buck_fet_1ph(chips):pgnd1" A="U9.2"/><o N="@p3449_b01_lib.p3449_b01(sch_1):page12_i78@power_supply.u_buck_fet_1ph(chips):pgnd2" A="U9.3"/><o N="@p3449_b01_lib.p3449_b01(sch_1):page12_i78@power_supply.u_buck_fet_1ph(chips):pgnd3" A="U9.4"/><o N="@p3449_b01_lib.p3449_b01(sch_1):page12_i78@power_supply.u_buck_fet_1ph(chips):pgood" A="U9.5"/><o N="@p3449_b01_lib.p3449_b01(sch_1):page12_i78@power_supply.u_buck_fet_1ph(chips):sw" A="U9.6"/><o N="@p3449_b01_lib.p3449_b01(sch_1):page12_i78@power_supply.u_buck_fet_1ph(chips):vcc" A="U9.8"/><o N="@p3449_b01_lib.p3449_b01(sch_1):page12_i78@power_supply.u_buck_fet_1ph(chips):vin" A="U9.1"/><o N="@p3449_b01_lib.p3449_b01(sch_1):page20_i432@logic.u_buf_od(chips):a" A="U68.2"/><o N="@p3449_b01_lib.p3449_b01(sch_1):page20_i432@logic.u_buf_od(chips):gnd" A="U68.3"/><o N="@p3449_b01_lib.p3449_b01(sch_1):page20_i432@logic.u_buf_od(chips):vcc" A="U68.5"/><o N="@p3449_b01_lib.p3449_b01(sch_1):page20_i432@logic.u_buf_od(chips):y" A="U68.4"/><o N="@p3449_b01_lib.p3449_b01(sch_1):page20_i435@logic.u_levshft_3state(chips):a" A="U68.3"/><o N="@p3449_b01_lib.p3449_b01(sch_1):page20_i435@logic.u_levshft_3state(chips):b" A="U68.4"/><o N="@p3449_b01_lib.p3449_b01(sch_1):page20_i435@logic.u_levshft_3state(chips):dir" A="U68.5"/><o N="@p3449_b01_lib.p3449_b01(sch_1):page20_i435@logic.u_levshft_3state(chips):gnd" A="U68.2"/><o N="@p3449_b01_lib.p3449_b01(sch_1):page20_i435@logic.u_levshft_3state(chips):vcca" A="U68.1"/><o N="@p3449_b01_lib.p3449_b01(sch_1):page20_i435@logic.u_levshft_3state(chips):vccb" A="U68.6"/></root>