<?xml version="1.0" encoding="UTF-8" standalone="no"?><root><o N="@p3449_b01_lib.p3449_b01(sch_1):\PP1\"><a N="RELATIVE_PROPAGATION_DELAY_SCOPE"><v V="G"/><s>32768</s><o>2</o><p K="21" N="@p3449_b01_lib.p3449_b01(sch_1):\NVMG3_ETHETH_DATA\"/></a><a N="RELATIVE_PROPAGATION_DELAY_CNS"><v V=":0.1 ns"/><s>32768</s><o>2</o><p K="21" N="@p3449_b01_lib.p3449_b01(sch_1):\NVMG3_ETHETH_DATA\"/></a><m K="8" N="@p3449_b01_lib.p3449_b01(sch_1):page5_i244:gbe_mdi0_p"/><m K="8" N="@p3449_b01_lib.p3449_b01(sch_1):page15_i421:p1"/></o><o N="@p3449_b01_lib.p3449_b01(sch_1):\PP2\"><a N="RELATIVE_PROPAGATION_DELAY_SCOPE"><v V="G"/><s>32768</s><o>2</o><p K="21" N="@p3449_b01_lib.p3449_b01(sch_1):\NVMG3_ETHETH_DATA\"/></a><a N="RELATIVE_PROPAGATION_DELAY_CNS"><v V=":0.1 ns"/><s>32768</s><o>2</o><p K="21" N="@p3449_b01_lib.p3449_b01(sch_1):\NVMG3_ETHETH_DATA\"/></a><m K="8" N="@p3449_b01_lib.p3449_b01(sch_1):page5_i244:gbe_mdi0_n"/><m K="8" N="@p3449_b01_lib.p3449_b01(sch_1):page15_i421:p2"/></o><o N="@p3449_b01_lib.p3449_b01(sch_1):\PP3\"><a N="RELATIVE_PROPAGATION_DELAY_SCOPE"><v V="G"/><s>32768</s><o>2</o><p K="21" N="@p3449_b01_lib.p3449_b01(sch_1):\NVMG3_ETHETH_DATA\"/></a><a N="RELATIVE_PROPAGATION_DELAY_CNS"><v V=":0.1 ns"/><s>32768</s><o>2</o><p K="21" N="@p3449_b01_lib.p3449_b01(sch_1):\NVMG3_ETHETH_DATA\"/></a><m K="8" N="@p3449_b01_lib.p3449_b01(sch_1):page5_i244:gbe_mdi1_n"/><m K="8" N="@p3449_b01_lib.p3449_b01(sch_1):page15_i421:p6"/></o><o N="@p3449_b01_lib.p3449_b01(sch_1):\PP4\"><a N="RELATIVE_PROPAGATION_DELAY_SCOPE"><v V="G"/><s>32768</s><o>2</o><p K="21" N="@p3449_b01_lib.p3449_b01(sch_1):\NVMG3_ETHETH_DATA\"/></a><a N="RELATIVE_PROPAGATION_DELAY_CNS"><v V=":0.1 ns"/><s>32768</s><o>2</o><p K="21" N="@p3449_b01_lib.p3449_b01(sch_1):\NVMG3_ETHETH_DATA\"/></a><m K="8" N="@p3449_b01_lib.p3449_b01(sch_1):page5_i244:gbe_mdi1_p"/><m K="8" N="@p3449_b01_lib.p3449_b01(sch_1):page15_i421:p3"/></o><o N="@p3449_b01_lib.p3449_b01(sch_1):\PP5\"><a N="RELATIVE_PROPAGATION_DELAY_SCOPE"><v V="G"/><s>32768</s><o>2</o><p K="21" N="@p3449_b01_lib.p3449_b01(sch_1):\NVMG3_ETHETH_DATA\"/></a><a N="RELATIVE_PROPAGATION_DELAY_CNS"><v V=":0.1 ns"/><s>32768</s><o>2</o><p K="21" N="@p3449_b01_lib.p3449_b01(sch_1):\NVMG3_ETHETH_DATA\"/></a><m K="8" N="@p3449_b01_lib.p3449_b01(sch_1):page5_i244:gbe_mdi2_n"/><m K="8" N="@p3449_b01_lib.p3449_b01(sch_1):page15_i421:p8"/></o><o N="@p3449_b01_lib.p3449_b01(sch_1):\PP6\"><a N="RELATIVE_PROPAGATION_DELAY_SCOPE"><v V="G"/><s>32768</s><o>2</o><p K="21" N="@p3449_b01_lib.p3449_b01(sch_1):\NVMG3_ETHETH_DATA\"/></a><a N="RELATIVE_PROPAGATION_DELAY_CNS"><v V=":0.1 ns"/><s>32768</s><o>2</o><p K="21" N="@p3449_b01_lib.p3449_b01(sch_1):\NVMG3_ETHETH_DATA\"/></a><m K="8" N="@p3449_b01_lib.p3449_b01(sch_1):page15_i421:p7"/><m K="8" N="@p3449_b01_lib.p3449_b01(sch_1):page5_i244:gbe_mdi2_p"/></o><o N="@p3449_b01_lib.p3449_b01(sch_1):\PP8\"><a N="RELATIVE_PROPAGATION_DELAY_SCOPE"><v V="G"/><s>32768</s><o>2</o><p K="21" N="@p3449_b01_lib.p3449_b01(sch_1):\NVMG3_ETHETH_DATA\"/></a><a N="RELATIVE_PROPAGATION_DELAY_CNS"><v V=":0.1 ns"/><s>32768</s><o>2</o><p K="21" N="@p3449_b01_lib.p3449_b01(sch_1):\NVMG3_ETHETH_DATA\"/></a><m K="8" N="@p3449_b01_lib.p3449_b01(sch_1):page5_i244:gbe_mdi3_n"/><m K="8" N="@p3449_b01_lib.p3449_b01(sch_1):page15_i421:p10"/></o><o N="@p3449_b01_lib.p3449_b01(sch_1):\PP7\"><a N="RELATIVE_PROPAGATION_DELAY_SCOPE"><v V="G"/><s>32768</s><o>2</o><p K="21" N="@p3449_b01_lib.p3449_b01(sch_1):\NVMG3_ETHETH_DATA\"/></a><a N="RELATIVE_PROPAGATION_DELAY_CNS"><v V=":0.1 ns"/><s>32768</s><o>2</o><p K="21" N="@p3449_b01_lib.p3449_b01(sch_1):\NVMG3_ETHETH_DATA\"/></a><m K="8" N="@p3449_b01_lib.p3449_b01(sch_1):page5_i244:gbe_mdi3_p"/><m K="8" N="@p3449_b01_lib.p3449_b01(sch_1):page15_i421:p9"/></o><o N="@p3449_b00_lib.p3449_b00(sch_1):\PP5\"><a N="PROPAGATION_DELAY_MAX"><v V="0.4 ns"/><s>32768</s><o>2</o></a><a N="RELATIVE_PROPAGATION_DELAY_SCOPE"><v V="G"/><s>32768</s><o>2</o><p K="21" N="@p3449_b01_lib.p3449_b01(sch_1):\NVMG4_DPDP_DATA\"/></a><a N="RELATIVE_PROPAGATION_DELAY_CNS"><v V=":0.1 ns"/><s>32768</s><o>2</o><p K="21" N="@p3449_b01_lib.p3449_b01(sch_1):\NVMG4_DPDP_DATA\"/></a><m K="8" N="@p3449_b01_lib.p3449_b01(sch_1):page6_i85:edp_txd0_n"/><m K="8" N="@p3449_b01_lib.p3449_b01(sch_1):page17_i1:lane_0n"/></o><o N="@p3449_b00_lib.p3449_b00(sch_1):\PP11\"><a N="PROPAGATION_DELAY_MAX"><v V="0.4 ns"/><s>32768</s><o>2</o></a><a N="RELATIVE_PROPAGATION_DELAY_SCOPE"><v V="G"/><s>32768</s><o>2</o><p K="21" N="@p3449_b01_lib.p3449_b01(sch_1):\NVMG4_DPDP_DATA\"/></a><a N="RELATIVE_PROPAGATION_DELAY_CNS"><v V=":0.1 ns"/><s>32768</s><o>2</o><p K="21" N="@p3449_b01_lib.p3449_b01(sch_1):\NVMG4_DPDP_DATA\"/></a><m K="8" N="@p3449_b01_lib.p3449_b01(sch_1):page6_i85:edp_txd0_p"/><m K="8" N="@p3449_b01_lib.p3449_b01(sch_1):page17_i1:lane_0p"/></o><o N="@p3449_b00_lib.p3449_b00(sch_1):\PP20\"><a N="PROPAGATION_DELAY_MAX"><v V="0.4 ns"/><s>32768</s><o>2</o></a><a N="RELATIVE_PROPAGATION_DELAY_SCOPE"><v V="G"/><s>32768</s><o>2</o><p K="21" N="@p3449_b01_lib.p3449_b01(sch_1):\NVMG4_DPDP_DATA\"/></a><a N="RELATIVE_PROPAGATION_DELAY_CNS"><v V=":0.1 ns"/><s>32768</s><o>2</o><p K="21" N="@p3449_b01_lib.p3449_b01(sch_1):\NVMG4_DPDP_DATA\"/></a><m K="8" N="@p3449_b01_lib.p3449_b01(sch_1):page6_i85:edp_txd1_n"/><m K="8" N="@p3449_b01_lib.p3449_b01(sch_1):page17_i1:lane_1n"/></o><o N="@p3449_b00_lib.p3449_b00(sch_1):\PP23\"><a N="PROPAGATION_DELAY_MAX"><v V="0.4 ns"/><s>32768</s><o>2</o></a><a N="RELATIVE_PROPAGATION_DELAY_SCOPE"><v V="G"/><s>32768</s><o>2</o><p K="21" N="@p3449_b01_lib.p3449_b01(sch_1):\NVMG4_DPDP_DATA\"/></a><a N="RELATIVE_PROPAGATION_DELAY_CNS"><v V=":0.1 ns"/><s>32768</s><o>2</o><p K="21" N="@p3449_b01_lib.p3449_b01(sch_1):\NVMG4_DPDP_DATA\"/></a><m K="8" N="@p3449_b01_lib.p3449_b01(sch_1):page6_i85:edp_txd1_p"/><m K="8" N="@p3449_b01_lib.p3449_b01(sch_1):page17_i1:lane_1p"/></o><o N="@p3449_b00_lib.p3449_b00(sch_1):\PP24\"><a N="PROPAGATION_DELAY_MAX"><v V="0.4 ns"/><s>32768</s><o>2</o></a><a N="RELATIVE_PROPAGATION_DELAY_SCOPE"><v V="G"/><s>32768</s><o>2</o><p K="21" N="@p3449_b01_lib.p3449_b01(sch_1):\NVMG4_DPDP_DATA\"/></a><a N="RELATIVE_PROPAGATION_DELAY_CNS"><v V=":0.1 ns"/><s>32768</s><o>2</o><p K="21" N="@p3449_b01_lib.p3449_b01(sch_1):\NVMG4_DPDP_DATA\"/></a><m K="8" N="@p3449_b01_lib.p3449_b01(sch_1):page6_i85:edp_txd2_n"/><m K="8" N="@p3449_b01_lib.p3449_b01(sch_1):page17_i1:lane_2n"/></o><o N="@p3449_b00_lib.p3449_b00(sch_1):\PP87\"><a N="PROPAGATION_DELAY_MAX"><v V="0.4 ns"/><s>32768</s><o>2</o></a><a N="RELATIVE_PROPAGATION_DELAY_SCOPE"><v V="G"/><s>32768</s><o>2</o><p K="21" N="@p3449_b01_lib.p3449_b01(sch_1):\NVMG4_DPDP_DATA\"/></a><a N="RELATIVE_PROPAGATION_DELAY_CNS"><v V=":0.1 ns"/><s>32768</s><o>2</o><p K="21" N="@p3449_b01_lib.p3449_b01(sch_1):\NVMG4_DPDP_DATA\"/></a><m K="8" N="@p3449_b01_lib.p3449_b01(sch_1):page6_i85:edp_txd2_p"/><m K="8" N="@p3449_b01_lib.p3449_b01(sch_1):page17_i1:lane_2p"/></o><o N="@p3449_b00_lib.p3449_b00(sch_1):\PP26\"><a N="PROPAGATION_DELAY_MAX"><v V="0.4 ns"/><s>32768</s><o>2</o></a><a N="RELATIVE_PROPAGATION_DELAY_SCOPE"><v V="G"/><s>32768</s><o>2</o><p K="21" N="@p3449_b01_lib.p3449_b01(sch_1):\NVMG4_DPDP_DATA\"/></a><a N="RELATIVE_PROPAGATION_DELAY_CNS"><v V=":0.1 ns"/><s>32768</s><o>2</o><p K="21" N="@p3449_b01_lib.p3449_b01(sch_1):\NVMG4_DPDP_DATA\"/></a><m K="8" N="@p3449_b01_lib.p3449_b01(sch_1):page6_i85:edp_txd3_n"/><m K="8" N="@p3449_b01_lib.p3449_b01(sch_1):page17_i1:lane_3n"/></o><o N="@p3449_b00_lib.p3449_b00(sch_1):\PP27\"><a N="PROPAGATION_DELAY_MAX"><v V="0.4 ns"/><s>32768</s><o>2</o></a><a N="RELATIVE_PROPAGATION_DELAY_SCOPE"><v V="G"/><s>32768</s><o>2</o><p K="21" N="@p3449_b01_lib.p3449_b01(sch_1):\NVMG4_DPDP_DATA\"/></a><a N="RELATIVE_PROPAGATION_DELAY_CNS"><v V=":0.1 ns"/><s>32768</s><o>2</o><p K="21" N="@p3449_b01_lib.p3449_b01(sch_1):\NVMG4_DPDP_DATA\"/></a><m K="8" N="@p3449_b01_lib.p3449_b01(sch_1):page6_i85:edp_txd3_p"/><m K="8" N="@p3449_b01_lib.p3449_b01(sch_1):page17_i1:lane_3p"/></o><o N="@p3449_b00_lib.p3449_b00(sch_1):\PP3\"><a N="PROPAGATION_DELAY_MAX"><v V="0.4 ns"/><s>32768</s><o>2</o></a><a N="RELATIVE_PROPAGATION_DELAY_SCOPE"><v V="G"/><s>32768</s><o>2</o><p K="21" N="@p3449_b01_lib.p3449_b01(sch_1):\NVMG2_HDMIHDMI_DATA\"/></a><a N="RELATIVE_PROPAGATION_DELAY_CNS"><v V=":0.09 ns"/><s>32768</s><o>2</o><p K="21" N="@p3449_b01_lib.p3449_b01(sch_1):\NVMG2_HDMIHDMI_DATA\"/></a><m K="8" N="@p3449_b01_lib.p3449_b01(sch_1):page6_i85:hdmi_txd2_n"/><m K="8" N="@p3449_b01_lib.p3449_b01(sch_1):page16_i389:\d0*\"/></o><o N="@p3449_b00_lib.p3449_b00(sch_1):\PP22\"><a N="PROPAGATION_DELAY_MAX"><v V="0.4 ns"/><s>32768</s><o>2</o></a><a N="RELATIVE_PROPAGATION_DELAY_SCOPE"><v V="G"/><s>32768</s><o>2</o><p K="21" N="@p3449_b01_lib.p3449_b01(sch_1):\NVMG2_HDMIHDMI_DATA\"/></a><a N="RELATIVE_PROPAGATION_DELAY_CNS"><v V=":0.09 ns"/><s>32768</s><o>2</o><p K="21" N="@p3449_b01_lib.p3449_b01(sch_1):\NVMG2_HDMIHDMI_DATA\"/></a><m K="8" N="@p3449_b01_lib.p3449_b01(sch_1):page6_i85:hdmi_txd2_p"/><m K="8" N="@p3449_b01_lib.p3449_b01(sch_1):page16_i389:d0"/></o><o N="@p3449_b00_lib.p3449_b00(sch_1):\PP32\"><a N="PROPAGATION_DELAY_MAX"><v V="0.4 ns"/><s>32768</s><o>2</o></a><a N="RELATIVE_PROPAGATION_DELAY_SCOPE"><v V="G"/><s>32768</s><o>2</o><p K="21" N="@p3449_b01_lib.p3449_b01(sch_1):\NVMG2_HDMIHDMI_DATA\"/></a><a N="RELATIVE_PROPAGATION_DELAY_CNS"><v V=":0.09 ns"/><s>32768</s><o>2</o><p K="21" N="@p3449_b01_lib.p3449_b01(sch_1):\NVMG2_HDMIHDMI_DATA\"/></a><m K="8" N="@p3449_b01_lib.p3449_b01(sch_1):page6_i85:hdmi_txd1_n"/><m K="8" N="@p3449_b01_lib.p3449_b01(sch_1):page16_i389:\d1*\"/></o><o N="@p3449_b00_lib.p3449_b00(sch_1):\PP38\"><a N="PROPAGATION_DELAY_MAX"><v V="0.4 ns"/><s>32768</s><o>2</o></a><a N="RELATIVE_PROPAGATION_DELAY_SCOPE"><v V="G"/><s>32768</s><o>2</o><p K="21" N="@p3449_b01_lib.p3449_b01(sch_1):\NVMG2_HDMIHDMI_DATA\"/></a><a N="RELATIVE_PROPAGATION_DELAY_CNS"><v V=":0.09 ns"/><s>32768</s><o>2</o><p K="21" N="@p3449_b01_lib.p3449_b01(sch_1):\NVMG2_HDMIHDMI_DATA\"/></a><m K="8" N="@p3449_b01_lib.p3449_b01(sch_1):page6_i85:hdmi_txd1_p"/><m K="8" N="@p3449_b01_lib.p3449_b01(sch_1):page16_i389:d1"/></o><o N="@p3449_b00_lib.p3449_b00(sch_1):\PP40\"><a N="PROPAGATION_DELAY_MAX"><v V="0.4 ns"/><s>32768</s><o>2</o></a><a N="RELATIVE_PROPAGATION_DELAY_SCOPE"><v V="G"/><s>32768</s><o>2</o><p K="21" N="@p3449_b01_lib.p3449_b01(sch_1):\NVMG2_HDMIHDMI_DATA\"/></a><a N="RELATIVE_PROPAGATION_DELAY_CNS"><v V=":0.09 ns"/><s>32768</s><o>2</o><p K="21" N="@p3449_b01_lib.p3449_b01(sch_1):\NVMG2_HDMIHDMI_DATA\"/></a><m K="8" N="@p3449_b01_lib.p3449_b01(sch_1):page6_i85:hdmi_txd0_n"/><m K="8" N="@p3449_b01_lib.p3449_b01(sch_1):page16_i389:\d2*\"/></o><o N="@p3449_b00_lib.p3449_b00(sch_1):\PP69\"><a N="PROPAGATION_DELAY_MAX"><v V="0.4 ns"/><s>32768</s><o>2</o></a><a N="RELATIVE_PROPAGATION_DELAY_SCOPE"><v V="G"/><s>32768</s><o>2</o><p K="21" N="@p3449_b01_lib.p3449_b01(sch_1):\NVMG2_HDMIHDMI_DATA\"/></a><a N="RELATIVE_PROPAGATION_DELAY_CNS"><v V=":0.09 ns"/><s>32768</s><o>2</o><p K="21" N="@p3449_b01_lib.p3449_b01(sch_1):\NVMG2_HDMIHDMI_DATA\"/></a><m K="8" N="@p3449_b01_lib.p3449_b01(sch_1):page6_i85:hdmi_txd0_p"/><m K="8" N="@p3449_b01_lib.p3449_b01(sch_1):page16_i389:d2"/></o><o N="@p3449_b00_lib.p3449_b00(sch_1):\PP42\"><a N="PROPAGATION_DELAY_MAX"><v V="0.4 ns"/><s>32768</s><o>2</o></a><a N="RELATIVE_PROPAGATION_DELAY_SCOPE"><v V="G"/><s>32768</s><o>2</o><p K="21" N="@p3449_b01_lib.p3449_b01(sch_1):\NVMG2_HDMIHDMI_DATA\"/></a><a N="RELATIVE_PROPAGATION_DELAY_CNS"><v V=":0.09 ns"/><s>32768</s><o>2</o><p K="21" N="@p3449_b01_lib.p3449_b01(sch_1):\NVMG2_HDMIHDMI_DATA\"/></a><m K="8" N="@p3449_b01_lib.p3449_b01(sch_1):page6_i85:hdmi_txc_n"/><m K="8" N="@p3449_b01_lib.p3449_b01(sch_1):page16_i389:\ck*\"/></o><o N="@p3449_b00_lib.p3449_b00(sch_1):\PP43\"><a N="PROPAGATION_DELAY_MAX"><v V="0.4 ns"/><s>32768</s><o>2</o></a><a N="RELATIVE_PROPAGATION_DELAY_SCOPE"><v V="G"/><s>32768</s><o>2</o><p K="21" N="@p3449_b01_lib.p3449_b01(sch_1):\NVMG2_HDMIHDMI_DATA\"/></a><a N="RELATIVE_PROPAGATION_DELAY_CNS"><v V=":0.09 ns"/><s>32768</s><o>2</o><p K="21" N="@p3449_b01_lib.p3449_b01(sch_1):\NVMG2_HDMIHDMI_DATA\"/></a><m K="8" N="@p3449_b01_lib.p3449_b01(sch_1):page6_i85:hdmi_txc_p"/><m K="8" N="@p3449_b01_lib.p3449_b01(sch_1):page16_i389:ck"/></o><o N="@p3449_b01_lib.p3449_b01(sch_1):\PP165\"><a N="PROPAGATION_DELAY_MAX"><v V="1.5 ns"/><s>32768</s><o>2</o></a><a N="RELATIVE_PROPAGATION_DELAY_SCOPE"><v V="G"/><s>32768</s><o>2</o><p K="21" N="@p3449_b01_lib.p3449_b01(sch_1):\NVMG5_DAP1DAP1_CLK\"/></a><a N="RELATIVE_PROPAGATION_DELAY_CNS"><v V="1e-006 ns:0.1 ns"/><s>32768</s><o>2</o><p K="21" N="@p3449_b01_lib.p3449_b01(sch_1):\NVMG5_DAP1DAP1_CLK\"/></a><a N="IMPEDANCE_RULE_CNS"><v V="50"/><s>32768</s><o>2</o></a><a N="IMPEDANCE_RULE_CNS_TOL"><v V="2 %"/><s>32768</s><o>2</o></a><m K="8" N="@p3449_b01_lib.p3449_b01(sch_1):page5_i244:dap4_fs"/><m K="8" N="@p3449_b01_lib.p3449_b01(sch_1):page19_i89:a4"/></o><o N="@p3449_b01_lib.p3449_b01(sch_1):\PP187\"><a N="PROPAGATION_DELAY_MAX"><v V="1.5 ns"/><s>32768</s><o>2</o></a><a N="RELATIVE_PROPAGATION_DELAY_SCOPE"><v V="G"/><s>32768</s><o>2</o><p K="21" N="@p3449_b01_lib.p3449_b01(sch_1):\NVMG5_DAP1DAP1_CLK\"/></a><a N="RELATIVE_PROPAGATION_DELAY_CNS"><v V="0 ns:0 ns"/><s>32768</s><o>2</o><p K="21" N="@p3449_b01_lib.p3449_b01(sch_1):\NVMG5_DAP1DAP1_CLK\"/></a><a N="IMPEDANCE_RULE_CNS"><v V="50"/><s>32768</s><o>2</o></a><a N="IMPEDANCE_RULE_CNS_TOL"><v V="2 %"/><s>32768</s><o>2</o></a><m K="8" N="@p3449_b01_lib.p3449_b01(sch_1):page5_i244:dap4_sclk"/><m K="8" N="@p3449_b01_lib.p3449_b01(sch_1):page19_i89:a1"/></o><o N="@p3449_b01_lib.p3449_b01(sch_1):\PP188\"><a N="PROPAGATION_DELAY_MAX"><v V="1.5 ns"/><s>32768</s><o>2</o></a><a N="RELATIVE_PROPAGATION_DELAY_SCOPE"><v V="G"/><s>32768</s><o>2</o><p K="21" N="@p3449_b01_lib.p3449_b01(sch_1):\NVMG5_DAP1DAP1_CLK\"/></a><a N="RELATIVE_PROPAGATION_DELAY_CNS"><v V="1e-006 ns:0.1 ns"/><s>32768</s><o>2</o><p K="21" N="@p3449_b01_lib.p3449_b01(sch_1):\NVMG5_DAP1DAP1_CLK\"/></a><a N="IMPEDANCE_RULE_CNS"><v V="50"/><s>32768</s><o>2</o></a><a N="IMPEDANCE_RULE_CNS_TOL"><v V="2 %"/><s>32768</s><o>2</o></a><m K="8" N="@p3449_b01_lib.p3449_b01(sch_1):page5_i244:dap4_din"/><m K="8" N="@p3449_b01_lib.p3449_b01(sch_1):page19_i89:a3"/></o><o N="@p3449_b01_lib.p3449_b01(sch_1):\PP189\"><a N="PROPAGATION_DELAY_MAX"><v V="1.5 ns"/><s>32768</s><o>2</o></a><a N="RELATIVE_PROPAGATION_DELAY_SCOPE"><v V="G"/><s>32768</s><o>2</o><p K="21" N="@p3449_b01_lib.p3449_b01(sch_1):\NVMG5_DAP1DAP1_CLK\"/></a><a N="RELATIVE_PROPAGATION_DELAY_CNS"><v V="1e-006 ns:0.1 ns"/><s>32768</s><o>2</o><p K="21" N="@p3449_b01_lib.p3449_b01(sch_1):\NVMG5_DAP1DAP1_CLK\"/></a><a N="IMPEDANCE_RULE_CNS"><v V="50"/><s>32768</s><o>2</o></a><a N="IMPEDANCE_RULE_CNS_TOL"><v V="2 %"/><s>32768</s><o>2</o></a><m K="8" N="@p3449_b01_lib.p3449_b01(sch_1):page5_i244:dap4_dout"/><m K="8" N="@p3449_b01_lib.p3449_b01(sch_1):page19_i89:a2"/></o><o N="@p3449_b01_lib.p3449_b01(sch_1):\PP171\"><a N="PROPAGATION_DELAY_MAX"><v V="1.5 ns"/><s>32768</s><o>2</o></a><a N="RELATIVE_PROPAGATION_DELAY_SCOPE"><v V="G"/><s>32768</s><o>2</o><p K="21" N="@p3449_b01_lib.p3449_b01(sch_1):\NVMG6_DAP3DAP3_CLK\"/></a><a N="RELATIVE_PROPAGATION_DELAY_CNS"><v V="1e-006 ns:0.1 ns"/><s>32768</s><o>2</o><p K="21" N="@p3449_b01_lib.p3449_b01(sch_1):\NVMG6_DAP3DAP3_CLK\"/></a><a N="IMPEDANCE_RULE_CNS"><v V="50"/><s>32768</s><o>2</o></a><a N="IMPEDANCE_RULE_CNS_TOL"><v V="2 %"/><s>32768</s><o>2</o></a><m K="8" N="@p3449_b01_lib.p3449_b01(sch_1):page14_i1:pcm_in_12s_sd_in"/><m K="8" N="@p3449_b01_lib.p3449_b01(sch_1):page5_i244:dap3_din"/></o><o N="@p3449_b01_lib.p3449_b01(sch_1):\PP193\"><a N="PROPAGATION_DELAY_MAX"><v V="1.5 ns"/><s>32768</s><o>2</o></a><a N="RELATIVE_PROPAGATION_DELAY_SCOPE"><v V="G"/><s>32768</s><o>2</o><p K="21" N="@p3449_b01_lib.p3449_b01(sch_1):\NVMG6_DAP3DAP3_CLK\"/></a><a N="RELATIVE_PROPAGATION_DELAY_CNS"><v V="1e-006 ns:0.1 ns"/><s>32768</s><o>2</o><p K="21" N="@p3449_b01_lib.p3449_b01(sch_1):\NVMG6_DAP3DAP3_CLK\"/></a><a N="IMPEDANCE_RULE_CNS"><v V="50"/><s>32768</s><o>2</o></a><a N="IMPEDANCE_RULE_CNS_TOL"><v V="2 %"/><s>32768</s><o>2</o></a><m K="8" N="@p3449_b01_lib.p3449_b01(sch_1):page14_i1:pcm_out_12s_sd_out"/><m K="8" N="@p3449_b01_lib.p3449_b01(sch_1):page5_i244:dap3_dout"/></o><o N="@p3449_b01_lib.p3449_b01(sch_1):\PP170\"><a N="PROPAGATION_DELAY_MAX"><v V="1.5 ns"/><s>32768</s><o>2</o></a><a N="RELATIVE_PROPAGATION_DELAY_SCOPE"><v V="G"/><s>32768</s><o>2</o><p K="21" N="@p3449_b01_lib.p3449_b01(sch_1):\NVMG6_DAP3DAP3_CLK\"/></a><a N="RELATIVE_PROPAGATION_DELAY_CNS"><v V="0 ns:0 ns"/><s>32768</s><o>2</o><p K="21" N="@p3449_b01_lib.p3449_b01(sch_1):\NVMG6_DAP3DAP3_CLK\"/></a><a N="IMPEDANCE_RULE_CNS"><v V="50"/><s>32768</s><o>2</o></a><a N="IMPEDANCE_RULE_CNS_TOL"><v V="2 %"/><s>32768</s><o>2</o></a><m K="8" N="@p3449_b01_lib.p3449_b01(sch_1):page14_i1:pcm_clk_12s_sck"/><m K="8" N="@p3449_b01_lib.p3449_b01(sch_1):page5_i244:dap3_sclk"/></o><o N="@p3449_b01_lib.p3449_b01(sch_1):\PP190\"><a N="PROPAGATION_DELAY_MAX"><v V="1.5 ns"/><s>32768</s><o>2</o></a><a N="RELATIVE_PROPAGATION_DELAY_SCOPE"><v V="G"/><s>32768</s><o>2</o><p K="21" N="@p3449_b01_lib.p3449_b01(sch_1):\NVMG6_DAP3DAP3_CLK\"/></a><a N="RELATIVE_PROPAGATION_DELAY_CNS"><v V="1e-006 ns:0.1 ns"/><s>32768</s><o>2</o><p K="21" N="@p3449_b01_lib.p3449_b01(sch_1):\NVMG6_DAP3DAP3_CLK\"/></a><a N="IMPEDANCE_RULE_CNS"><v V="50"/><s>32768</s><o>2</o></a><a N="IMPEDANCE_RULE_CNS_TOL"><v V="2 %"/><s>32768</s><o>2</o></a><m K="8" N="@p3449_b01_lib.p3449_b01(sch_1):page14_i1:pcm_sync_125_ws"/><m K="8" N="@p3449_b01_lib.p3449_b01(sch_1):page5_i244:dap3_fs"/></o><o N="@p3449_b01_lib.p3449_b01(sch_1):\PP194\"><a N="PROPAGATION_DELAY_MAX"><v V="0.6 ns"/><s>32768</s><o>2</o></a><a N="RELATIVE_PROPAGATION_DELAY_SCOPE"><v V="G"/><s>32768</s><o>2</o><p K="21" N="@p3449_b01_lib.p3449_b01(sch_1):\NVMG7_SPI1SPI1_CLK\"/></a><a N="RELATIVE_PROPAGATION_DELAY_CNS"><v V="1e-006 ns:0.03 ns"/><s>32768</s><o>2</o><p K="21" N="@p3449_b01_lib.p3449_b01(sch_1):\NVMG7_SPI1SPI1_CLK\"/></a><a N="IMPEDANCE_RULE_CNS"><v V="50"/><s>32768</s><o>2</o></a><a N="IMPEDANCE_RULE_CNS_TOL"><v V="2 %"/><s>32768</s><o>2</o></a><m K="8" N="@p3449_b01_lib.p3449_b01(sch_1):page5_i244:spi1_cs0"/><m K="8" N="@p3449_b01_lib.p3449_b01(sch_1):page19_i116:a4"/></o><o N="@p3449_b01_lib.p3449_b01(sch_1):\PP195\"><a N="PROPAGATION_DELAY_MAX"><v V="0.6 ns"/><s>32768</s><o>2</o></a><a N="RELATIVE_PROPAGATION_DELAY_SCOPE"><v V="G"/><s>32768</s><o>2</o><p K="21" N="@p3449_b01_lib.p3449_b01(sch_1):\NVMG7_SPI1SPI1_CLK\"/></a><a N="RELATIVE_PROPAGATION_DELAY_CNS"><v V="1e-006 ns:0.03 ns"/><s>32768</s><o>2</o><p K="21" N="@p3449_b01_lib.p3449_b01(sch_1):\NVMG7_SPI1SPI1_CLK\"/></a><a N="IMPEDANCE_RULE_CNS"><v V="50"/><s>32768</s><o>2</o></a><a N="IMPEDANCE_RULE_CNS_TOL"><v V="2 %"/><s>32768</s><o>2</o></a><m K="8" N="@p3449_b01_lib.p3449_b01(sch_1):page5_i244:spi1_cs1"/><m K="8" N="@p3449_b01_lib.p3449_b01(sch_1):page19_i116:a5"/></o><o N="@p3449_b01_lib.p3449_b01(sch_1):\PP196\"><a N="PROPAGATION_DELAY_MAX"><v V="0.6 ns"/><s>32768</s><o>2</o></a><a N="RELATIVE_PROPAGATION_DELAY_SCOPE"><v V="G"/><s>32768</s><o>2</o><p K="21" N="@p3449_b01_lib.p3449_b01(sch_1):\NVMG7_SPI1SPI1_CLK\"/></a><a N="RELATIVE_PROPAGATION_DELAY_CNS"><v V="1e-006 ns:0.03 ns"/><s>32768</s><o>2</o><p K="21" N="@p3449_b01_lib.p3449_b01(sch_1):\NVMG7_SPI1SPI1_CLK\"/></a><a N="IMPEDANCE_RULE_CNS"><v V="50"/><s>32768</s><o>2</o></a><a N="IMPEDANCE_RULE_CNS_TOL"><v V="2 %"/><s>32768</s><o>2</o></a><m K="8" N="@p3449_b01_lib.p3449_b01(sch_1):page5_i244:spi1_miso"/><m K="8" N="@p3449_b01_lib.p3449_b01(sch_1):page19_i116:a2"/></o><o N="@p3449_b01_lib.p3449_b01(sch_1):\PP197\"><a N="PROPAGATION_DELAY_MAX"><v V="0.6 ns"/><s>32768</s><o>2</o></a><a N="RELATIVE_PROPAGATION_DELAY_SCOPE"><v V="G"/><s>32768</s><o>2</o><p K="21" N="@p3449_b01_lib.p3449_b01(sch_1):\NVMG7_SPI1SPI1_CLK\"/></a><a N="RELATIVE_PROPAGATION_DELAY_CNS"><v V="1e-006 ns:0.03 ns"/><s>32768</s><o>2</o><p K="21" N="@p3449_b01_lib.p3449_b01(sch_1):\NVMG7_SPI1SPI1_CLK\"/></a><a N="IMPEDANCE_RULE_CNS"><v V="50"/><s>32768</s><o>2</o></a><a N="IMPEDANCE_RULE_CNS_TOL"><v V="2 %"/><s>32768</s><o>2</o></a><m K="8" N="@p3449_b01_lib.p3449_b01(sch_1):page5_i244:spi1_mosi"/><m K="8" N="@p3449_b01_lib.p3449_b01(sch_1):page19_i116:a3"/></o><o N="@p3449_b01_lib.p3449_b01(sch_1):\PP177\"><a N="PROPAGATION_DELAY_MAX"><v V="0.6 ns"/><s>32768</s><o>2</o></a><a N="RELATIVE_PROPAGATION_DELAY_SCOPE"><v V="G"/><s>32768</s><o>2</o><p K="21" N="@p3449_b01_lib.p3449_b01(sch_1):\NVMG7_SPI1SPI1_CLK\"/></a><a N="RELATIVE_PROPAGATION_DELAY_CNS"><v V="0 ns:0 ns"/><s>32768</s><o>2</o><p K="21" N="@p3449_b01_lib.p3449_b01(sch_1):\NVMG7_SPI1SPI1_CLK\"/></a><a N="IMPEDANCE_RULE_CNS"><v V="50"/><s>32768</s><o>2</o></a><a N="IMPEDANCE_RULE_CNS_TOL"><v V="2 %"/><s>32768</s><o>2</o></a><m K="8" N="@p3449_b01_lib.p3449_b01(sch_1):page5_i244:spi1_sck"/><m K="8" N="@p3449_b01_lib.p3449_b01(sch_1):page19_i116:a1"/></o><o N="@p3449_b01_lib.p3449_b01(sch_1):\PP178\"><a N="PROPAGATION_DELAY_MAX"><v V="0.6 ns"/><s>32768</s><o>2</o></a><a N="RELATIVE_PROPAGATION_DELAY_SCOPE"><v V="G"/><s>32768</s><o>2</o><p K="21" N="@p3449_b01_lib.p3449_b01(sch_1):\NVMG8_SPI2SPI2_CLK\"/></a><a N="RELATIVE_PROPAGATION_DELAY_CNS"><v V="1e-006 ns:0.03 ns"/><s>32768</s><o>2</o><p K="21" N="@p3449_b01_lib.p3449_b01(sch_1):\NVMG8_SPI2SPI2_CLK\"/></a><a N="IMPEDANCE_RULE_CNS"><v V="50"/><s>32768</s><o>2</o></a><a N="IMPEDANCE_RULE_CNS_TOL"><v V="2 %"/><s>32768</s><o>2</o></a><m K="8" N="@p3449_b01_lib.p3449_b01(sch_1):page5_i244:spi2_cs0"/><m K="8" N="@p3449_b01_lib.p3449_b01(sch_1):page19_i140:a4"/></o><o N="@p3449_b00_lib.p3449_b00(sch_1):\PP4\"><a N="PROPAGATION_DELAY_MAX"><v V="0.6 ns"/><s>32768</s><o>2</o></a><a N="RELATIVE_PROPAGATION_DELAY_SCOPE"><v V="G"/><s>32768</s><o>2</o><p K="21" N="@p3449_b01_lib.p3449_b01(sch_1):\NVMG8_SPI2SPI2_CLK\"/></a><a N="RELATIVE_PROPAGATION_DELAY_CNS"><v V="1e-006 ns:0.03 ns"/><s>32768</s><o>2</o><p K="21" N="@p3449_b01_lib.p3449_b01(sch_1):\NVMG8_SPI2SPI2_CLK\"/></a><a N="IMPEDANCE_RULE_CNS"><v V="50"/><s>32768</s><o>2</o></a><a N="IMPEDANCE_RULE_CNS_TOL"><v V="2 %"/><s>32768</s><o>2</o></a><m K="8" N="@p3449_b01_lib.p3449_b01(sch_1):page5_i244:spi2_cs1"/><m K="8" N="@p3449_b01_lib.p3449_b01(sch_1):page19_i140:a5"/></o><o N="@p3449_b01_lib.p3449_b01(sch_1):\PP179\"><a N="PROPAGATION_DELAY_MAX"><v V="0.6 ns"/><s>32768</s><o>2</o></a><a N="RELATIVE_PROPAGATION_DELAY_SCOPE"><v V="G"/><s>32768</s><o>2</o><p K="21" N="@p3449_b01_lib.p3449_b01(sch_1):\NVMG8_SPI2SPI2_CLK\"/></a><a N="RELATIVE_PROPAGATION_DELAY_CNS"><v V="1e-006 ns:0.03 ns"/><s>32768</s><o>2</o><p K="21" N="@p3449_b01_lib.p3449_b01(sch_1):\NVMG8_SPI2SPI2_CLK\"/></a><a N="IMPEDANCE_RULE_CNS"><v V="50"/><s>32768</s><o>2</o></a><a N="IMPEDANCE_RULE_CNS_TOL"><v V="2 %"/><s>32768</s><o>2</o></a><m K="8" N="@p3449_b01_lib.p3449_b01(sch_1):page5_i244:spi2_miso"/><m K="8" N="@p3449_b01_lib.p3449_b01(sch_1):page19_i140:a2"/></o><o N="@p3449_b01_lib.p3449_b01(sch_1):\PP180\"><a N="PROPAGATION_DELAY_MAX"><v V="0.6 ns"/><s>32768</s><o>2</o></a><a N="RELATIVE_PROPAGATION_DELAY_SCOPE"><v V="G"/><s>32768</s><o>2</o><p K="21" N="@p3449_b01_lib.p3449_b01(sch_1):\NVMG8_SPI2SPI2_CLK\"/></a><a N="RELATIVE_PROPAGATION_DELAY_CNS"><v V="1e-006 ns:0.03 ns"/><s>32768</s><o>2</o><p K="21" N="@p3449_b01_lib.p3449_b01(sch_1):\NVMG8_SPI2SPI2_CLK\"/></a><a N="IMPEDANCE_RULE_CNS"><v V="50"/><s>32768</s><o>2</o></a><a N="IMPEDANCE_RULE_CNS_TOL"><v V="2 %"/><s>32768</s><o>2</o></a><m K="8" N="@p3449_b01_lib.p3449_b01(sch_1):page5_i244:spi2_mosi"/><m K="8" N="@p3449_b01_lib.p3449_b01(sch_1):page19_i140:a3"/></o><o N="@p3449_b01_lib.p3449_b01(sch_1):\PP181\"><a N="PROPAGATION_DELAY_MAX"><v V="0.6 ns"/><s>32768</s><o>2</o></a><a N="RELATIVE_PROPAGATION_DELAY_SCOPE"><v V="G"/><s>32768</s><o>2</o><p K="21" N="@p3449_b01_lib.p3449_b01(sch_1):\NVMG8_SPI2SPI2_CLK\"/></a><a N="RELATIVE_PROPAGATION_DELAY_CNS"><v V="0 ns:0 ns"/><s>32768</s><o>2</o><p K="21" N="@p3449_b01_lib.p3449_b01(sch_1):\NVMG8_SPI2SPI2_CLK\"/></a><a N="IMPEDANCE_RULE_CNS"><v V="50"/><s>32768</s><o>2</o></a><a N="IMPEDANCE_RULE_CNS_TOL"><v V="2 %"/><s>32768</s><o>2</o></a><m K="8" N="@p3449_b01_lib.p3449_b01(sch_1):page5_i244:spi2_sck"/><m K="8" N="@p3449_b01_lib.p3449_b01(sch_1):page19_i140:a1"/></o><o N="@p3449_b01_lib.p3449_b01(sch_1):\PP106\"><m K="8" N="@p3449_b01_lib.p3449_b01(sch_1):page18_i14:pin17"/><m K="8" N="@p3449_b01_lib.p3449_b01(sch_1):page5_i244:csi_a_clk_p"/></o><o N="@p3449_b01_lib.p3449_b01(sch_1):\PP126\"><m K="8" N="@p3449_b01_lib.p3449_b01(sch_1):page18_i14:pin5"/><m K="8" N="@p3449_b01_lib.p3449_b01(sch_1):page5_i244:csi_a_d0_p"/></o><o N="@p3449_b01_lib.p3449_b01(sch_1):\PP110\"><m K="8" N="@p3449_b01_lib.p3449_b01(sch_1):page18_i14:pin3"/><m K="8" N="@p3449_b01_lib.p3449_b01(sch_1):page5_i244:csi_a_d0_n"/></o><o N="@p3449_b01_lib.p3449_b01(sch_1):\PP112\"><m K="8" N="@p3449_b01_lib.p3449_b01(sch_1):page18_i14:pin9"/><m K="8" N="@p3449_b01_lib.p3449_b01(sch_1):page5_i244:csi_a_d1_n"/></o><o N="@p3449_b01_lib.p3449_b01(sch_1):\PP132\"><m K="8" N="@p3449_b01_lib.p3449_b01(sch_1):page18_i14:pin11"/><m K="8" N="@p3449_b01_lib.p3449_b01(sch_1):page5_i244:csi_a_d1_p"/></o><o N="@p3449_b01_lib.p3449_b01(sch_1):\PP115\"><m K="8" N="@p3449_b01_lib.p3449_b01(sch_1):page18_i17:pin17"/><m K="8" N="@p3449_b01_lib.p3449_b01(sch_1):page5_i244:csi_e_clk_p"/></o><o N="@p3449_b01_lib.p3449_b01(sch_1):\PP118\"><m K="8" N="@p3449_b01_lib.p3449_b01(sch_1):page18_i17:pin5"/><m K="8" N="@p3449_b01_lib.p3449_b01(sch_1):page5_i244:csi_e_d0_p"/></o><o N="@p3449_b01_lib.p3449_b01(sch_1):\PP172\"><m K="8" N="@p3449_b01_lib.p3449_b01(sch_1):page18_i17:pin3"/><m K="8" N="@p3449_b01_lib.p3449_b01(sch_1):page5_i244:csi_e_d0_n"/></o><o N="@p3449_b01_lib.p3449_b01(sch_1):\PP143\"><m K="8" N="@p3449_b01_lib.p3449_b01(sch_1):page18_i17:pin11"/><m K="8" N="@p3449_b01_lib.p3449_b01(sch_1):page5_i244:csi_e_d1_p"/></o><o N="@p3449_b01_lib.p3449_b01(sch_1):\PP124\"><m K="8" N="@p3449_b01_lib.p3449_b01(sch_1):page18_i17:pin9"/><m K="8" N="@p3449_b01_lib.p3449_b01(sch_1):page5_i244:csi_e_d1_n"/></o><o N="@p3449_b00_lib.p3449_b00(sch_1):\PP124\"><a N="PROPAGATION_DELAY_MAX"><v V="0.8 ns"/><s>32768</s><o>2</o></a><m K="8" N="@p3449_b01_lib.p3449_b01(sch_1):page8_i136:usp_sstx_n"/><m K="8" N="@p3449_b01_lib.p3449_b01(sch_1):page6_i85:pex_rx6_n"/></o><o N="@p3449_b01_lib.p3449_b01(sch_1):\PP11\"><m K="8" N="@p3449_b01_lib.p3449_b01(sch_1):page6_i85:edp_txd0_n"/><m K="8" N="@p3449_b01_lib.p3449_b01(sch_1):page17_i69:\3b\"/></o><o N="@p3449_b01_lib.p3449_b01(sch_1):\PP15\"><m K="8" N="@p3449_b01_lib.p3449_b01(sch_1):page6_i85:edp_txd0_p"/><m K="8" N="@p3449_b01_lib.p3449_b01(sch_1):page17_i69:\4a\"/></o><o N="@p3449_a02_lib.p3449_a02(sch_1):\PP175\"><a N="PROPAGATION_DELAY_MAX"><v V="0.25 ns"/><s>32768</s><o>2</o></a><m K="8" N="@p3449_b01_lib.p3449_b01(sch_1):page17_i29:\2\"/><m K="8" N="@p3449_b01_lib.p3449_b01(sch_1):page17_i1:lane_1n"/></o><o N="@p3449_b01_lib.p3449_b01(sch_1):\PP21\"><m K="8" N="@p3449_b01_lib.p3449_b01(sch_1):page6_i85:edp_txd2_n"/><m K="8" N="@p3449_b01_lib.p3449_b01(sch_1):page17_i70:\1b\"/></o><o N="@p3449_b01_lib.p3449_b01(sch_1):\PP24\"><m K="8" N="@p3449_b01_lib.p3449_b01(sch_1):page6_i85:edp_txd2_p"/><m K="8" N="@p3449_b01_lib.p3449_b01(sch_1):page17_i70:\2a\"/></o><o N="@p3449_b01_lib.p3449_b01(sch_1):\PP139\"><m K="8" N="@p3449_b01_lib.p3449_b01(sch_1):page6_i85:hdmi_txd2_p"/><m K="8" N="@p3449_b01_lib.p3449_b01(sch_1):page16_i393:d0"/></o><o N="@p3449_b01_lib.p3449_b01(sch_1):\PP108\"><m K="8" N="@p3449_b01_lib.p3449_b01(sch_1):page6_i85:hdmi_txc_n"/><m K="8" N="@p3449_b01_lib.p3449_b01(sch_1):page16_i403:\2a\"/></o><o N="@p3449_b01_lib.p3449_b01(sch_1):\PP114\"><m K="8" N="@p3449_b01_lib.p3449_b01(sch_1):page6_i85:hdmi_txd2_n"/><m K="8" N="@p3449_b01_lib.p3449_b01(sch_1):page16_i404:\3b\"/></o><o N="@p3449_b01_lib.p3449_b01(sch_1):\PP151\"><m K="8" N="@p3449_b01_lib.p3449_b01(sch_1):page6_i85:hdmi_txd1_n"/><m K="8" N="@p3449_b01_lib.p3449_b01(sch_1):page16_i406:\4a\"/></o><o N="@p3449_b01_lib.p3449_b01(sch_1):\PP159\"><m K="8" N="@p3449_b01_lib.p3449_b01(sch_1):page6_i85:hdmi_txd0_n"/><m K="8" N="@p3449_b01_lib.p3449_b01(sch_1):page16_i393:\d2*\"/></o><o N="@p3449_b01_lib.p3449_b01(sch_1):\PP163\"><m K="8" N="@p3449_b01_lib.p3449_b01(sch_1):page6_i85:hdmi_txd0_p"/><m K="8" N="@p3449_b01_lib.p3449_b01(sch_1):page16_i405:\2b\"/></o><o N="@p3449_b01_lib.p3449_b01(sch_1):\PP96\"><m K="8" N="@p3449_b01_lib.p3449_b01(sch_1):page9_i216:\1a\"/><m K="8" N="@p3449_b01_lib.p3449_b01(sch_1):page8_i136:dsp1_dm"/></o><o N="@p3449_b01_lib.p3449_b01(sch_1):\PP102\"><m K="8" N="@p3449_b01_lib.p3449_b01(sch_1):page6_i85:dp_aux_ch0_n"/><m K="8" N="@p3449_b01_lib.p3449_b01(sch_1):page17_i1:auxn"/></o><o N="@p3449_a02_lib.p3449_a02(sch_1):\PP169\"><a N="PROPAGATION_DELAY_MAX"><v V="0.25 ns"/><s>32768</s><o>2</o></a><m K="8" N="@p3449_b01_lib.p3449_b01(sch_1):page17_i26:\2\"/><m K="8" N="@p3449_b01_lib.p3449_b01(sch_1):page17_i1:lane_0p"/></o><o N="@p3449_b01_lib.p3449_b01(sch_1):\PP20\"><m K="8" N="@p3449_b01_lib.p3449_b01(sch_1):page6_i85:edp_txd1_p"/><m K="8" N="@p3449_b01_lib.p3449_b01(sch_1):page17_i75:\1a\"/></o><o N="@p3449_b01_lib.p3449_b01(sch_1):\PP23\"><m K="8" N="@p3449_b01_lib.p3449_b01(sch_1):page6_i85:edp_txd2_p"/><m K="8" N="@p3449_b01_lib.p3449_b01(sch_1):page17_i70:\2b\"/></o><o N="@p3449_a02_lib.p3449_a02(sch_1):\PP193\"><a N="PROPAGATION_DELAY_MAX"><v V="0.25 ns"/><s>32768</s><o>2</o></a><m K="8" N="@p3449_b01_lib.p3449_b01(sch_1):page17_i22:\2\"/><m K="8" N="@p3449_b01_lib.p3449_b01(sch_1):page17_i1:lane_3n"/></o><o N="@p3449_b01_lib.p3449_b01(sch_1):\PP47\"><m K="8" N="@p3449_b01_lib.p3449_b01(sch_1):page8_i136:dsp4_dm"/><m K="8" N="@p3449_b01_lib.p3449_b01(sch_1):page10_i3:dn0"/></o><o N="@p3449_b01_lib.p3449_b01(sch_1):\PP51\"><m K="8" N="@p3449_b01_lib.p3449_b01(sch_1):page10_i19:\3b\"/><m K="8" N="@p3449_b01_lib.p3449_b01(sch_1):page8_i136:dsp4_dp"/></o><o N="@p3449_b01_lib.p3449_b01(sch_1):\PP57\"><m K="8" N="@p3449_b01_lib.p3449_b01(sch_1):page9_i217:\3a\"/><m K="8" N="@p3449_b01_lib.p3449_b01(sch_1):page8_i136:dsp2_dm"/></o><o N="@p3449_b01_lib.p3449_b01(sch_1):\PP65\"><m K="8" N="@p3449_b01_lib.p3449_b01(sch_1):page8_i136:dsp3_dm"/><m K="8" N="@p3449_b01_lib.p3449_b01(sch_1):page10_i3:dn1"/></o><o N="@p3449_b00_lib.p3449_b00(sch_1):\PP140\"><a N="PROPAGATION_DELAY_MAX"><v V="0.8 ns"/><s>32768</s><o>2</o></a><m K="8" N="@p3449_b01_lib.p3449_b01(sch_1):page6_i85:pex_tx6_p"/><m K="8" N="@p3449_b01_lib.p3449_b01(sch_1):page8_i136:usp_ssrx_p"/></o><o N="@p3449_b01_lib.p3449_b01(sch_1):\PP105\"><m K="8" N="@p3449_b01_lib.p3449_b01(sch_1):page5_i244:csi_a_clk_p"/><m K="8" N="@p3449_b01_lib.p3449_b01(sch_1):page18_i36:\1\"/></o><o N="@p3449_b01_lib.p3449_b01(sch_1):\PP107\"><m K="8" N="@p3449_b01_lib.p3449_b01(sch_1):page5_i244:csi_a_d0_p"/><m K="8" N="@p3449_b01_lib.p3449_b01(sch_1):page18_i33:\1\"/></o><o N="@p3449_b01_lib.p3449_b01(sch_1):\PP109\"><m K="8" N="@p3449_b01_lib.p3449_b01(sch_1):page5_i244:csi_a_d0_n"/><m K="8" N="@p3449_b01_lib.p3449_b01(sch_1):page18_i32:\1\"/></o><o N="@p3449_b01_lib.p3449_b01(sch_1):\PP111\"><m K="8" N="@p3449_b01_lib.p3449_b01(sch_1):page5_i244:csi_a_d1_n"/><m K="8" N="@p3449_b01_lib.p3449_b01(sch_1):page18_i35:\1\"/></o><o N="@p3449_b01_lib.p3449_b01(sch_1):\PP131\"><m K="8" N="@p3449_b01_lib.p3449_b01(sch_1):page5_i244:csi_a_d1_p"/><m K="8" N="@p3449_b01_lib.p3449_b01(sch_1):page18_i34:\1\"/></o><o N="@p3449_b01_lib.p3449_b01(sch_1):\PP117\"><m K="8" N="@p3449_b01_lib.p3449_b01(sch_1):page5_i244:csi_e_d0_p"/><m K="8" N="@p3449_b01_lib.p3449_b01(sch_1):page18_i52:\1\"/></o><o N="@p3449_b01_lib.p3449_b01(sch_1):\PP119\"><m K="8" N="@p3449_b01_lib.p3449_b01(sch_1):page5_i244:csi_e_d0_n"/><m K="8" N="@p3449_b01_lib.p3449_b01(sch_1):page18_i54:\1\"/></o><o N="@p3449_b01_lib.p3449_b01(sch_1):\PP121\"><m K="8" N="@p3449_b01_lib.p3449_b01(sch_1):page5_i244:csi_e_d1_p"/><m K="8" N="@p3449_b01_lib.p3449_b01(sch_1):page18_i49:\1\"/></o><o N="@p3449_b01_lib.p3449_b01(sch_1):\PP123\"><m K="8" N="@p3449_b01_lib.p3449_b01(sch_1):page5_i244:csi_e_d1_n"/><m K="8" N="@p3449_b01_lib.p3449_b01(sch_1):page18_i51:\1\"/></o><o N="@p3449_b00_lib.p3449_b00(sch_1):\PP138\"><a N="PROPAGATION_DELAY_MAX"><v V="0.8 ns"/><s>32768</s><o>2</o></a><m K="8" N="@p3449_b01_lib.p3449_b01(sch_1):page6_i85:pex_tx6_n"/><m K="8" N="@p3449_b01_lib.p3449_b01(sch_1):page8_i136:usp_ssrx_n"/></o><o N="@p3449_b01_lib.p3449_b01(sch_1):\PP16\"><m K="8" N="@p3449_b01_lib.p3449_b01(sch_1):page6_i85:edp_txd1_n"/><m K="8" N="@p3449_b01_lib.p3449_b01(sch_1):page17_i75:\2b\"/></o><o N="@p3449_b01_lib.p3449_b01(sch_1):\PP22\"><m K="8" N="@p3449_b01_lib.p3449_b01(sch_1):page6_i85:edp_txd2_n"/><m K="8" N="@p3449_b01_lib.p3449_b01(sch_1):page17_i70:\1a\"/></o><o N="@p3449_b01_lib.p3449_b01(sch_1):\PP26\"><m K="8" N="@p3449_b01_lib.p3449_b01(sch_1):page6_i85:edp_txd3_n"/><m K="8" N="@p3449_b01_lib.p3449_b01(sch_1):page17_i72:\4a\"/></o><o N="@p3449_b01_lib.p3449_b01(sch_1):\PP48\"><m K="8" N="@p3449_b01_lib.p3449_b01(sch_1):page10_i19:\4b\"/><m K="8" N="@p3449_b01_lib.p3449_b01(sch_1):page8_i136:dsp4_dm"/></o><o N="@p3449_b01_lib.p3449_b01(sch_1):\PP55\"><m K="8" N="@p3449_b01_lib.p3449_b01(sch_1):page8_i136:dsp2_dm"/><m K="8" N="@p3449_b01_lib.p3449_b01(sch_1):page9_i296:dn0"/></o><o N="@p3449_b01_lib.p3449_b01(sch_1):\PP62\"><m K="8" N="@p3449_b01_lib.p3449_b01(sch_1):page9_i217:\4a\"/><m K="8" N="@p3449_b01_lib.p3449_b01(sch_1):page8_i136:dsp2_dp"/></o><o N="@p3449_a02_lib.p3449_a02(sch_1):\PP178\"><a N="PROPAGATION_DELAY_MAX"><v V="0.25 ns"/><s>32768</s><o>2</o></a><m K="8" N="@p3449_b01_lib.p3449_b01(sch_1):page17_i25:\2\"/><m K="8" N="@p3449_b01_lib.p3449_b01(sch_1):page17_i1:lane_1p"/></o><o N="@p3449_a02_lib.p3449_a02(sch_1):\PP144\"><a N="PROPAGATION_DELAY_MAX"><v V="0.25 ns"/><s>32768</s><o>2</o></a><m K="8" N="@p3449_b01_lib.p3449_b01(sch_1):page17_i27:\2\"/><m K="8" N="@p3449_b01_lib.p3449_b01(sch_1):page17_i1:lane_0n"/></o><o N="@p3449_b01_lib.p3449_b01(sch_1):\PP27\"><m K="8" N="@p3449_b01_lib.p3449_b01(sch_1):page6_i85:edp_txd3_p"/><m K="8" N="@p3449_b01_lib.p3449_b01(sch_1):page17_i72:\3b\"/></o><o N="@p3449_b01_lib.p3449_b01(sch_1):\PP50\"><m K="8" N="@p3449_b01_lib.p3449_b01(sch_1):page8_i136:dsp4_dp"/><m K="8" N="@p3449_b01_lib.p3449_b01(sch_1):page10_i3:dp0"/></o><o N="@p3449_b01_lib.p3449_b01(sch_1):\PP61\"><m K="8" N="@p3449_b01_lib.p3449_b01(sch_1):page9_i217:\4b\"/><m K="8" N="@p3449_b01_lib.p3449_b01(sch_1):page8_i136:dsp2_dp"/></o><o N="@p3449_b01_lib.p3449_b01(sch_1):\PP71\"><m K="8" N="@p3449_b01_lib.p3449_b01(sch_1):page10_i10:\2b\"/><m K="8" N="@p3449_b01_lib.p3449_b01(sch_1):page8_i136:dsp3_dp"/></o><o N="@p3449_b01_lib.p3449_b01(sch_1):\PP35\"><m K="8" N="@p3449_b01_lib.p3449_b01(sch_1):page9_i63:\4b\"/><m K="8" N="@p3449_b01_lib.p3449_b01(sch_1):page9_i296:ssrxn0"/></o><o N="@p3449_b01_lib.p3449_b01(sch_1):\PP36\"><m K="8" N="@p3449_b01_lib.p3449_b01(sch_1):page9_i63:\4a\"/><m K="8" N="@p3449_b01_lib.p3449_b01(sch_1):page9_i296:ssrxn0"/></o><o N="@p3449_b01_lib.p3449_b01(sch_1):\PP38\"><m K="8" N="@p3449_b01_lib.p3449_b01(sch_1):page9_i63:\3b\"/><m K="8" N="@p3449_b01_lib.p3449_b01(sch_1):page9_i296:ssrxp0"/></o><o N="@p3449_b01_lib.p3449_b01(sch_1):\PP39\"><m K="8" N="@p3449_b01_lib.p3449_b01(sch_1):page9_i63:\3a\"/><m K="8" N="@p3449_b01_lib.p3449_b01(sch_1):page9_i296:ssrxp0"/></o><o N="@p3449_b01_lib.p3449_b01(sch_1):\PP45\"><m K="8" N="@p3449_b01_lib.p3449_b01(sch_1):page10_i19:\4b\"/><m K="8" N="@p3449_b01_lib.p3449_b01(sch_1):page10_i3:dn0"/></o><o N="@p3449_b01_lib.p3449_b01(sch_1):\PP64\"><m K="8" N="@p3449_b01_lib.p3449_b01(sch_1):page10_i19:\3b\"/><m K="8" N="@p3449_b01_lib.p3449_b01(sch_1):page10_i3:dp0"/></o><o N="@p3449_b01_lib.p3449_b01(sch_1):\PP53\"><m K="8" N="@p3449_b01_lib.p3449_b01(sch_1):page9_i217:\3b\"/><m K="8" N="@p3449_b01_lib.p3449_b01(sch_1):page9_i296:dn0"/></o><o N="@p3449_b01_lib.p3449_b01(sch_1):\PP54\"><m K="8" N="@p3449_b01_lib.p3449_b01(sch_1):page9_i217:\3a\"/><m K="8" N="@p3449_b01_lib.p3449_b01(sch_1):page9_i296:dn0"/></o><o N="@p3449_b01_lib.p3449_b01(sch_1):\PP58\"><m K="8" N="@p3449_b01_lib.p3449_b01(sch_1):page9_i217:\4b\"/><m K="8" N="@p3449_b01_lib.p3449_b01(sch_1):page9_i296:dp0"/></o><o N="@p3449_b01_lib.p3449_b01(sch_1):\PP75\"><m K="8" N="@p3449_b01_lib.p3449_b01(sch_1):page9_i217:\4a\"/><m K="8" N="@p3449_b01_lib.p3449_b01(sch_1):page9_i296:dp0"/></o><o N="@p3449_b01_lib.p3449_b01(sch_1):\PP80\"><m K="8" N="@p3449_b01_lib.p3449_b01(sch_1):page10_i10:\1a\"/><m K="8" N="@p3449_b01_lib.p3449_b01(sch_1):page10_i3:dn1"/></o><o N="@p3449_b01_lib.p3449_b01(sch_1):\PP63\"><m K="8" N="@p3449_b01_lib.p3449_b01(sch_1):page10_i10:\1b\"/><m K="8" N="@p3449_b01_lib.p3449_b01(sch_1):page10_i3:dn1"/></o><o N="@p3449_b01_lib.p3449_b01(sch_1):\PP69\"><m K="8" N="@p3449_b01_lib.p3449_b01(sch_1):page10_i10:\2a\"/><m K="8" N="@p3449_b01_lib.p3449_b01(sch_1):page10_i3:dp1"/></o><o N="@p3449_b01_lib.p3449_b01(sch_1):\PP68\"><m K="8" N="@p3449_b01_lib.p3449_b01(sch_1):page10_i10:\2b\"/><m K="8" N="@p3449_b01_lib.p3449_b01(sch_1):page10_i3:dp1"/></o><o N="@p3449_b01_lib.p3449_b01(sch_1):\PP92\"><m K="8" N="@p3449_b01_lib.p3449_b01(sch_1):page9_i216:\1a\"/><m K="8" N="@p3449_b01_lib.p3449_b01(sch_1):page9_i296:dn1"/></o><o N="@p3449_b01_lib.p3449_b01(sch_1):\PP91\"><m K="8" N="@p3449_b01_lib.p3449_b01(sch_1):page9_i216:\1b\"/><m K="8" N="@p3449_b01_lib.p3449_b01(sch_1):page9_i296:dn1"/></o><o N="@p3449_b01_lib.p3449_b01(sch_1):\PP97\"><m K="8" N="@p3449_b01_lib.p3449_b01(sch_1):page9_i216:\2a\"/><m K="8" N="@p3449_b01_lib.p3449_b01(sch_1):page9_i296:dp1"/></o><o N="@p3449_b01_lib.p3449_b01(sch_1):\PP113\"><m K="8" N="@p3449_b01_lib.p3449_b01(sch_1):page9_i216:\2b\"/><m K="8" N="@p3449_b01_lib.p3449_b01(sch_1):page9_i296:dp1"/></o><o N="@p3449_b01_lib.p3449_b01(sch_1):\PP30\"><m K="8" N="@p3449_b01_lib.p3449_b01(sch_1):page10_i29:\4a\"/><m K="8" N="@p3449_b01_lib.p3449_b01(sch_1):page8_i136:dsp4_ssrx_n"/></o><o N="@p3449_b01_lib.p3449_b01(sch_1):\PP32\"><m K="8" N="@p3449_b01_lib.p3449_b01(sch_1):page10_i29:\3a\"/><m K="8" N="@p3449_b01_lib.p3449_b01(sch_1):page8_i136:dsp4_ssrx_p"/></o><o N="@p3449_b01_lib.p3449_b01(sch_1):\PP33\"><m K="8" N="@p3449_b01_lib.p3449_b01(sch_1):page10_i5:\2a\"/><m K="8" N="@p3449_b01_lib.p3449_b01(sch_1):page8_i136:dsp3_ssrx_n"/></o><o N="@p3449_b01_lib.p3449_b01(sch_1):\PP34\"><m K="8" N="@p3449_b01_lib.p3449_b01(sch_1):page10_i5:\1a\"/><m K="8" N="@p3449_b01_lib.p3449_b01(sch_1):page8_i136:dsp3_ssrx_p"/></o><o N="@p3449_b01_lib.p3449_b01(sch_1):\PP37\"><m K="8" N="@p3449_b01_lib.p3449_b01(sch_1):page9_i63:\4a\"/><m K="8" N="@p3449_b01_lib.p3449_b01(sch_1):page8_i136:dsp2_ssrx_n"/></o><o N="@p3449_b01_lib.p3449_b01(sch_1):\PP40\"><m K="8" N="@p3449_b01_lib.p3449_b01(sch_1):page9_i63:\3a\"/><m K="8" N="@p3449_b01_lib.p3449_b01(sch_1):page8_i136:dsp2_ssrx_p"/></o><o N="@p3449_b01_lib.p3449_b01(sch_1):\PP42\"><m K="8" N="@p3449_b01_lib.p3449_b01(sch_1):page9_i62:\2a\"/><m K="8" N="@p3449_b01_lib.p3449_b01(sch_1):page8_i136:dsp1_ssrx_n"/></o><o N="@p3449_b01_lib.p3449_b01(sch_1):\PP59\"><m K="8" N="@p3449_b01_lib.p3449_b01(sch_1):page9_i62:\1a\"/><m K="8" N="@p3449_b01_lib.p3449_b01(sch_1):page8_i136:dsp1_ssrx_p"/></o><o N="@p3449_b01_lib.p3449_b01(sch_1):\PP43\"><m K="8" N="@p3449_b01_lib.p3449_b01(sch_1):page9_i62:\1b\"/><m K="8" N="@p3449_b01_lib.p3449_b01(sch_1):page8_i136:dsp1_ssrx_p"/></o><o N="@p3449_b01_lib.p3449_b01(sch_1):\PP41\"><m K="8" N="@p3449_b01_lib.p3449_b01(sch_1):page9_i62:\2b\"/><m K="8" N="@p3449_b01_lib.p3449_b01(sch_1):page8_i136:dsp1_ssrx_n"/></o><o N="@p3449_b01_lib.p3449_b01(sch_1):\PP9\"><m K="8" N="@p3449_b01_lib.p3449_b01(sch_1):page5_i244:usb0_dn"/><m K="8" N="@p3449_b01_lib.p3449_b01(sch_1):page7_i12:dn"/></o><o N="@p3449_b01_lib.p3449_b01(sch_1):\PP10\"><m K="8" N="@p3449_b01_lib.p3449_b01(sch_1):page5_i244:usb0_dp"/><m K="8" N="@p3449_b01_lib.p3449_b01(sch_1):page7_i12:dp"/></o><o N="@p3449_b01_lib.p3449_b01(sch_1):\PP145\"><m K="8" N="@p3449_b01_lib.p3449_b01(sch_1):page16_i406:\4b\"/><m K="8" N="@p3449_b01_lib.p3449_b01(sch_1):page16_i389:\d1*\"/></o><o N="@p3449_b01_lib.p3449_b01(sch_1):\PP146\"><m K="8" N="@p3449_b01_lib.p3449_b01(sch_1):page16_i406:\4b\"/><m K="8" N="@p3449_b01_lib.p3449_b01(sch_1):page16_i393:\d1*\"/></o><o N="@p3449_b01_lib.p3449_b01(sch_1):\PP152\"><m K="8" N="@p3449_b01_lib.p3449_b01(sch_1):page16_i406:\3b\"/><m K="8" N="@p3449_b01_lib.p3449_b01(sch_1):page16_i389:d1"/></o><o N="@p3449_b01_lib.p3449_b01(sch_1):\PP174\"><m K="8" N="@p3449_b01_lib.p3449_b01(sch_1):page16_i406:\3b\"/><m K="8" N="@p3449_b01_lib.p3449_b01(sch_1):page16_i393:d1"/></o><o N="@p3449_b01_lib.p3449_b01(sch_1):\PP125\"><m K="8" N="@p3449_b01_lib.p3449_b01(sch_1):page16_i403:\2a\"/><m K="8" N="@p3449_b01_lib.p3449_b01(sch_1):page16_i389:\ck*\"/></o><o N="@p3449_b01_lib.p3449_b01(sch_1):\PP147\"><m K="8" N="@p3449_b01_lib.p3449_b01(sch_1):page16_i403:\2a\"/><m K="8" N="@p3449_b01_lib.p3449_b01(sch_1):page16_i393:\ck*\"/></o><o N="@p3449_b01_lib.p3449_b01(sch_1):\PP128\"><m K="8" N="@p3449_b01_lib.p3449_b01(sch_1):page16_i403:\2b\"/><m K="8" N="@p3449_b01_lib.p3449_b01(sch_1):page16_i389:\ck*\"/></o><o N="@p3449_b01_lib.p3449_b01(sch_1):\PP127\"><m K="8" N="@p3449_b01_lib.p3449_b01(sch_1):page16_i403:\2b\"/><m K="8" N="@p3449_b01_lib.p3449_b01(sch_1):page16_i393:\ck*\"/></o><o N="@p3449_b01_lib.p3449_b01(sch_1):\PP153\"><m K="8" N="@p3449_b01_lib.p3449_b01(sch_1):page16_i403:\1a\"/><m K="8" N="@p3449_b01_lib.p3449_b01(sch_1):page16_i389:ck"/></o><o N="@p3449_b01_lib.p3449_b01(sch_1):\PP133\"><m K="8" N="@p3449_b01_lib.p3449_b01(sch_1):page16_i403:\1a\"/><m K="8" N="@p3449_b01_lib.p3449_b01(sch_1):page16_i393:ck"/></o><o N="@p3449_b01_lib.p3449_b01(sch_1):\PP135\"><m K="8" N="@p3449_b01_lib.p3449_b01(sch_1):page16_i403:\1b\"/><m K="8" N="@p3449_b01_lib.p3449_b01(sch_1):page16_i389:ck"/></o><o N="@p3449_b01_lib.p3449_b01(sch_1):\PP134\"><m K="8" N="@p3449_b01_lib.p3449_b01(sch_1):page16_i403:\1b\"/><m K="8" N="@p3449_b01_lib.p3449_b01(sch_1):page16_i393:ck"/></o><o N="@p3449_b01_lib.p3449_b01(sch_1):\PP44\"><m K="8" N="@p3449_b01_lib.p3449_b01(sch_1):page10_i29:\4b\"/><m K="8" N="@p3449_b01_lib.p3449_b01(sch_1):page8_i136:dsp4_ssrx_n"/></o><o N="@p3449_b01_lib.p3449_b01(sch_1):\PP31\"><m K="8" N="@p3449_b01_lib.p3449_b01(sch_1):page10_i29:\3b\"/><m K="8" N="@p3449_b01_lib.p3449_b01(sch_1):page8_i136:dsp4_ssrx_p"/></o><o N="@p3449_b01_lib.p3449_b01(sch_1):\PP46\"><m K="8" N="@p3449_b01_lib.p3449_b01(sch_1):page10_i3:sstxn1"/><m K="8" N="@p3449_b01_lib.p3449_b01(sch_1):page10_i8:\3a\"/></o><o N="@p3449_b01_lib.p3449_b01(sch_1):\PP101\"><m K="8" N="@p3449_b01_lib.p3449_b01(sch_1):page10_i3:sstxp1"/><m K="8" N="@p3449_b01_lib.p3449_b01(sch_1):page10_i8:\4a\"/></o><o N="@p3449_b01_lib.p3449_b01(sch_1):\PP148\"><m K="8" N="@p3449_b01_lib.p3449_b01(sch_1):page16_i406:\4a\"/><m K="8" N="@p3449_b01_lib.p3449_b01(sch_1):page16_i393:\d1*\"/></o><o N="@p3449_b01_lib.p3449_b01(sch_1):\PP168\"><m K="8" N="@p3449_b01_lib.p3449_b01(sch_1):page16_i406:\4a\"/><m K="8" N="@p3449_b01_lib.p3449_b01(sch_1):page16_i389:\d1*\"/></o><o N="@p3449_b01_lib.p3449_b01(sch_1):\PP155\"><m K="8" N="@p3449_b01_lib.p3449_b01(sch_1):page16_i406:\3a\"/><m K="8" N="@p3449_b01_lib.p3449_b01(sch_1):page16_i393:d1"/></o><o N="@p3449_b01_lib.p3449_b01(sch_1):\PP154\"><m K="8" N="@p3449_b01_lib.p3449_b01(sch_1):page16_i406:\3a\"/><m K="8" N="@p3449_b01_lib.p3449_b01(sch_1):page16_i389:d1"/></o><o N="@p3449_a02_lib.p3449_a02(sch_1):\PP10\"><a N="PROPAGATION_DELAY_MAX"><v V="0.8 ns"/><s>32768</s><o>2</o></a><m K="8" N="@p3449_b01_lib.p3449_b01(sch_1):page5_i244:usb1_dn"/><m K="8" N="@p3449_b01_lib.p3449_b01(sch_1):page8_i136:usp_dm"/></o><o N="@p3449_a02_lib.p3449_a02(sch_1):\PP44\"><a N="PROPAGATION_DELAY_MAX"><v V="0.8 ns"/><s>32768</s><o>2</o></a><m K="8" N="@p3449_b01_lib.p3449_b01(sch_1):page5_i244:usb1_dp"/><m K="8" N="@p3449_b01_lib.p3449_b01(sch_1):page8_i136:usp_dp"/></o><o N="@p3449_a02_lib.p3449_a02(sch_1):\PP90\"><a N="PROPAGATION_DELAY_MAX"><v V="0.8 ns"/><s>32768</s><o>2</o></a><m K="8" N="@p3449_b01_lib.p3449_b01(sch_1):page14_i1:usb_dm"/><m K="8" N="@p3449_b01_lib.p3449_b01(sch_1):page5_i244:usb2_dn"/></o><o N="@p3449_a02_lib.p3449_a02(sch_1):\PP91\"><a N="PROPAGATION_DELAY_MAX"><v V="0.8 ns"/><s>32768</s><o>2</o></a><m K="8" N="@p3449_b01_lib.p3449_b01(sch_1):page14_i1:usb_dp"/><m K="8" N="@p3449_b01_lib.p3449_b01(sch_1):page5_i244:usb2_dp"/></o><o N="@p3449_b01_lib.p3449_b01(sch_1):\PP104\"><m K="8" N="@p3449_b01_lib.p3449_b01(sch_1):page18_i14:pin15"/><m K="8" N="@p3449_b01_lib.p3449_b01(sch_1):page5_i244:csi_a_clk_n"/></o><o N="@p3449_b01_lib.p3449_b01(sch_1):\PP120\"><m K="8" N="@p3449_b01_lib.p3449_b01(sch_1):page5_i244:csi_a_clk_n"/><m K="8" N="@p3449_b01_lib.p3449_b01(sch_1):page18_i37:\1\"/></o><o N="@p3449_b01_lib.p3449_b01(sch_1):\PP116\"><m K="8" N="@p3449_b01_lib.p3449_b01(sch_1):page18_i17:pin15"/><m K="8" N="@p3449_b01_lib.p3449_b01(sch_1):page5_i244:csi_e_clk_n"/></o><o N="@p3449_b00_lib.p3449_b00(sch_1):\PP137\"><a N="PROPAGATION_DELAY_MAX"><v V="0.8 ns"/><s>32768</s><o>2</o></a><m K="8" N="@p3449_b01_lib.p3449_b01(sch_1):page8_i136:usp_sstx_p"/><m K="8" N="@p3449_b01_lib.p3449_b01(sch_1):page6_i85:pex_rx6_p"/></o><o N="@p3449_b01_lib.p3449_b01(sch_1):\PP13\"><m K="8" N="@p3449_b01_lib.p3449_b01(sch_1):page6_i85:edp_txd0_n"/><m K="8" N="@p3449_b01_lib.p3449_b01(sch_1):page17_i69:\3a\"/></o><o N="@p3449_b01_lib.p3449_b01(sch_1):\PP14\"><m K="8" N="@p3449_b01_lib.p3449_b01(sch_1):page6_i85:edp_txd0_p"/><m K="8" N="@p3449_b01_lib.p3449_b01(sch_1):page17_i69:\4b\"/></o><o N="@p3449_b01_lib.p3449_b01(sch_1):\PP17\"><m K="8" N="@p3449_b01_lib.p3449_b01(sch_1):page6_i85:edp_txd1_n"/><m K="8" N="@p3449_b01_lib.p3449_b01(sch_1):page17_i75:\2a\"/></o><o N="@p3449_b01_lib.p3449_b01(sch_1):\PP19\"><m K="8" N="@p3449_b01_lib.p3449_b01(sch_1):page6_i85:edp_txd1_p"/><m K="8" N="@p3449_b01_lib.p3449_b01(sch_1):page17_i75:\1b\"/></o><o N="@p3449_a02_lib.p3449_a02(sch_1):\PP187\"><a N="PROPAGATION_DELAY_MAX"><v V="0.25 ns"/><s>32768</s><o>2</o></a><m K="8" N="@p3449_b01_lib.p3449_b01(sch_1):page17_i28:\2\"/><m K="8" N="@p3449_b01_lib.p3449_b01(sch_1):page17_i1:lane_2n"/></o><o N="@p3449_a02_lib.p3449_a02(sch_1):\PP190\"><a N="PROPAGATION_DELAY_MAX"><v V="0.25 ns"/><s>32768</s><o>2</o></a><m K="8" N="@p3449_b01_lib.p3449_b01(sch_1):page17_i24:\2\"/><m K="8" N="@p3449_b01_lib.p3449_b01(sch_1):page17_i1:lane_2p"/></o><o N="@p3449_b01_lib.p3449_b01(sch_1):\PP25\"><m K="8" N="@p3449_b01_lib.p3449_b01(sch_1):page6_i85:edp_txd3_n"/><m K="8" N="@p3449_b01_lib.p3449_b01(sch_1):page17_i72:\4b\"/></o><o N="@p3449_b01_lib.p3449_b01(sch_1):\PP28\"><m K="8" N="@p3449_b01_lib.p3449_b01(sch_1):page6_i85:edp_txd3_p"/><m K="8" N="@p3449_b01_lib.p3449_b01(sch_1):page17_i72:\3a\"/></o><o N="@p3449_a02_lib.p3449_a02(sch_1):\PP196\"><a N="PROPAGATION_DELAY_MAX"><v V="0.25 ns"/><s>32768</s><o>2</o></a><m K="8" N="@p3449_b01_lib.p3449_b01(sch_1):page17_i23:\2\"/><m K="8" N="@p3449_b01_lib.p3449_b01(sch_1):page17_i1:lane_3p"/></o><o N="@p3449_b01_lib.p3449_b01(sch_1):\PP49\"><m K="8" N="@p3449_b01_lib.p3449_b01(sch_1):page10_i19:\4a\"/><m K="8" N="@p3449_b01_lib.p3449_b01(sch_1):page8_i136:dsp4_dm"/></o><o N="@p3449_b01_lib.p3449_b01(sch_1):\PP52\"><m K="8" N="@p3449_b01_lib.p3449_b01(sch_1):page10_i19:\3a\"/><m K="8" N="@p3449_b01_lib.p3449_b01(sch_1):page8_i136:dsp4_dp"/></o><o N="@p3449_b01_lib.p3449_b01(sch_1):\PP56\"><m K="8" N="@p3449_b01_lib.p3449_b01(sch_1):page9_i217:\3b\"/><m K="8" N="@p3449_b01_lib.p3449_b01(sch_1):page8_i136:dsp2_dm"/></o><o N="@p3449_b01_lib.p3449_b01(sch_1):\PP60\"><m K="8" N="@p3449_b01_lib.p3449_b01(sch_1):page8_i136:dsp2_dp"/><m K="8" N="@p3449_b01_lib.p3449_b01(sch_1):page9_i296:dp0"/></o><o N="@p3449_b01_lib.p3449_b01(sch_1):\PP66\"><m K="8" N="@p3449_b01_lib.p3449_b01(sch_1):page10_i10:\1b\"/><m K="8" N="@p3449_b01_lib.p3449_b01(sch_1):page8_i136:dsp3_dm"/></o><o N="@p3449_b01_lib.p3449_b01(sch_1):\PP67\"><m K="8" N="@p3449_b01_lib.p3449_b01(sch_1):page10_i10:\1a\"/><m K="8" N="@p3449_b01_lib.p3449_b01(sch_1):page8_i136:dsp3_dm"/></o><o N="@p3449_b01_lib.p3449_b01(sch_1):\PP70\"><m K="8" N="@p3449_b01_lib.p3449_b01(sch_1):page8_i136:dsp3_dp"/><m K="8" N="@p3449_b01_lib.p3449_b01(sch_1):page10_i3:dp1"/></o><o N="@p3449_b01_lib.p3449_b01(sch_1):\PP72\"><m K="8" N="@p3449_b01_lib.p3449_b01(sch_1):page10_i10:\2a\"/><m K="8" N="@p3449_b01_lib.p3449_b01(sch_1):page8_i136:dsp3_dp"/></o><o N="@p3449_b01_lib.p3449_b01(sch_1):\PP73\"><m K="8" N="@p3449_b01_lib.p3449_b01(sch_1):page8_i136:dsp1_sstx_n"/><m K="8" N="@p3449_b01_lib.p3449_b01(sch_1):page9_i280:\1b\"/></o><o N="@p3449_b01_lib.p3449_b01(sch_1):\PP74\"><m K="8" N="@p3449_b01_lib.p3449_b01(sch_1):page8_i136:dsp1_sstx_n"/><m K="8" N="@p3449_b01_lib.p3449_b01(sch_1):page9_i280:\1a\"/></o><o N="@p3449_b01_lib.p3449_b01(sch_1):\PP182\"><a N="PROPAGATION_DELAY_MAX"><v V="0.64 ns"/><s>32768</s><o>2</o></a><m K="8" N="@p3449_b01_lib.p3449_b01(sch_1):page14_i1:refclkno"/><m K="8" N="@p3449_b01_lib.p3449_b01(sch_1):page6_i85:pex_clk1_n"/></o><o N="@p3449_b01_lib.p3449_b01(sch_1):\PP183\"><a N="PROPAGATION_DELAY_MAX"><v V="0.64 ns"/><s>32768</s><o>2</o></a><m K="8" N="@p3449_b01_lib.p3449_b01(sch_1):page14_i1:refclkpo"/><m K="8" N="@p3449_b01_lib.p3449_b01(sch_1):page6_i85:pex_clk1_p"/></o><o N="@p3449_b01_lib.p3449_b01(sch_1):\PP76\"><m K="8" N="@p3449_b01_lib.p3449_b01(sch_1):page8_i136:dsp1_sstx_p"/><m K="8" N="@p3449_b01_lib.p3449_b01(sch_1):page9_i280:\2b\"/></o><o N="@p3449_b01_lib.p3449_b01(sch_1):\PP77\"><m K="8" N="@p3449_b01_lib.p3449_b01(sch_1):page8_i136:dsp1_sstx_p"/><m K="8" N="@p3449_b01_lib.p3449_b01(sch_1):page9_i280:\2a\"/></o><o N="@p3449_b01_lib.p3449_b01(sch_1):\PP78\"><m K="8" N="@p3449_b01_lib.p3449_b01(sch_1):page8_i136:dsp2_sstx_n"/><m K="8" N="@p3449_b01_lib.p3449_b01(sch_1):page9_i283:\3b\"/></o><o N="@p3449_b01_lib.p3449_b01(sch_1):\PP79\"><m K="8" N="@p3449_b01_lib.p3449_b01(sch_1):page8_i136:dsp2_sstx_n"/><m K="8" N="@p3449_b01_lib.p3449_b01(sch_1):page9_i283:\3a\"/></o><o N="@p3449_b01_lib.p3449_b01(sch_1):\PP81\"><m K="8" N="@p3449_b01_lib.p3449_b01(sch_1):page8_i136:dsp2_sstx_p"/><m K="8" N="@p3449_b01_lib.p3449_b01(sch_1):page9_i283:\4b\"/></o><o N="@p3449_b01_lib.p3449_b01(sch_1):\PP82\"><m K="8" N="@p3449_b01_lib.p3449_b01(sch_1):page8_i136:dsp2_sstx_p"/><m K="8" N="@p3449_b01_lib.p3449_b01(sch_1):page9_i283:\4a\"/></o><o N="@p3449_b01_lib.p3449_b01(sch_1):\PP83\"><m K="8" N="@p3449_b01_lib.p3449_b01(sch_1):page8_i136:dsp3_sstx_n"/><m K="8" N="@p3449_b01_lib.p3449_b01(sch_1):page10_i8:\3b\"/></o><o N="@p3449_b01_lib.p3449_b01(sch_1):\PP84\"><m K="8" N="@p3449_b01_lib.p3449_b01(sch_1):page8_i136:dsp3_sstx_n"/><m K="8" N="@p3449_b01_lib.p3449_b01(sch_1):page10_i8:\3a\"/></o><o N="@p3449_b01_lib.p3449_b01(sch_1):\PP85\"><m K="8" N="@p3449_b01_lib.p3449_b01(sch_1):page8_i136:dsp3_sstx_p"/><m K="8" N="@p3449_b01_lib.p3449_b01(sch_1):page10_i8:\4b\"/></o><o N="@p3449_b01_lib.p3449_b01(sch_1):\PP86\"><m K="8" N="@p3449_b01_lib.p3449_b01(sch_1):page8_i136:dsp3_sstx_p"/><m K="8" N="@p3449_b01_lib.p3449_b01(sch_1):page10_i8:\4a\"/></o><o N="@p3449_b01_lib.p3449_b01(sch_1):\PP87\"><m K="8" N="@p3449_b01_lib.p3449_b01(sch_1):page8_i136:dsp4_sstx_n"/><m K="8" N="@p3449_b01_lib.p3449_b01(sch_1):page10_i32:\1b\"/></o><o N="@p3449_b01_lib.p3449_b01(sch_1):\PP88\"><m K="8" N="@p3449_b01_lib.p3449_b01(sch_1):page8_i136:dsp4_sstx_n"/><m K="8" N="@p3449_b01_lib.p3449_b01(sch_1):page10_i32:\1a\"/></o><o N="@p3449_b01_lib.p3449_b01(sch_1):\PP89\"><m K="8" N="@p3449_b01_lib.p3449_b01(sch_1):page8_i136:dsp4_sstx_p"/><m K="8" N="@p3449_b01_lib.p3449_b01(sch_1):page10_i32:\2b\"/></o><o N="@p3449_b01_lib.p3449_b01(sch_1):\PP90\"><m K="8" N="@p3449_b01_lib.p3449_b01(sch_1):page8_i136:dsp4_sstx_p"/><m K="8" N="@p3449_b01_lib.p3449_b01(sch_1):page10_i32:\2a\"/></o><o N="@p3449_b01_lib.p3449_b01(sch_1):\PP93\"><m K="8" N="@p3449_b01_lib.p3449_b01(sch_1):page8_i136:dsp1_dm"/><m K="8" N="@p3449_b01_lib.p3449_b01(sch_1):page9_i296:dn1"/></o><o N="@p3449_b01_lib.p3449_b01(sch_1):\PP94\"><m K="8" N="@p3449_b01_lib.p3449_b01(sch_1):page9_i216:\1b\"/><m K="8" N="@p3449_b01_lib.p3449_b01(sch_1):page8_i136:dsp1_dm"/></o><o N="@p3449_b01_lib.p3449_b01(sch_1):\PP98\"><m K="8" N="@p3449_b01_lib.p3449_b01(sch_1):page8_i136:dsp1_dp"/><m K="8" N="@p3449_b01_lib.p3449_b01(sch_1):page9_i296:dp1"/></o><o N="@p3449_b01_lib.p3449_b01(sch_1):\PP99\"><m K="8" N="@p3449_b01_lib.p3449_b01(sch_1):page9_i216:\2b\"/><m K="8" N="@p3449_b01_lib.p3449_b01(sch_1):page8_i136:dsp1_dp"/></o><o N="@p3449_b01_lib.p3449_b01(sch_1):\PP100\"><m K="8" N="@p3449_b01_lib.p3449_b01(sch_1):page9_i216:\2a\"/><m K="8" N="@p3449_b01_lib.p3449_b01(sch_1):page8_i136:dsp1_dp"/></o><o N="@p3449_b01_lib.p3449_b01(sch_1):\PP103\"><m K="8" N="@p3449_b01_lib.p3449_b01(sch_1):page6_i85:dp_aux_ch0_p"/><m K="8" N="@p3449_b01_lib.p3449_b01(sch_1):page17_i1:auxp"/></o><o N="@p3449_b01_lib.p3449_b01(sch_1):\PP129\"><m K="8" N="@p3449_b01_lib.p3449_b01(sch_1):page6_i85:hdmi_txc_n"/><m K="8" N="@p3449_b01_lib.p3449_b01(sch_1):page16_i393:\ck*\"/></o><o N="@p3449_b01_lib.p3449_b01(sch_1):\PP130\"><m K="8" N="@p3449_b01_lib.p3449_b01(sch_1):page6_i85:hdmi_txc_n"/><m K="8" N="@p3449_b01_lib.p3449_b01(sch_1):page16_i403:\2b\"/></o><o N="@p3449_b01_lib.p3449_b01(sch_1):\PP136\"><m K="8" N="@p3449_b01_lib.p3449_b01(sch_1):page6_i85:hdmi_txc_p"/><m K="8" N="@p3449_b01_lib.p3449_b01(sch_1):page16_i393:ck"/></o><o N="@p3449_b01_lib.p3449_b01(sch_1):\PP137\"><m K="8" N="@p3449_b01_lib.p3449_b01(sch_1):page6_i85:hdmi_txc_p"/><m K="8" N="@p3449_b01_lib.p3449_b01(sch_1):page16_i403:\1b\"/></o><o N="@p3449_b01_lib.p3449_b01(sch_1):\PP138\"><m K="8" N="@p3449_b01_lib.p3449_b01(sch_1):page6_i85:hdmi_txc_p"/><m K="8" N="@p3449_b01_lib.p3449_b01(sch_1):page16_i403:\1a\"/></o><o N="@p3449_b01_lib.p3449_b01(sch_1):\PP140\"><m K="8" N="@p3449_b01_lib.p3449_b01(sch_1):page6_i85:hdmi_txd2_p"/><m K="8" N="@p3449_b01_lib.p3449_b01(sch_1):page16_i404:\4b\"/></o><o N="@p3449_b01_lib.p3449_b01(sch_1):\PP141\"><m K="8" N="@p3449_b01_lib.p3449_b01(sch_1):page6_i85:hdmi_txd2_p"/><m K="8" N="@p3449_b01_lib.p3449_b01(sch_1):page16_i404:\4a\"/></o><o N="@p3449_b01_lib.p3449_b01(sch_1):\PP142\"><m K="8" N="@p3449_b01_lib.p3449_b01(sch_1):page6_i85:hdmi_txd2_n"/><m K="8" N="@p3449_b01_lib.p3449_b01(sch_1):page16_i393:\d0*\"/></o><o N="@p3449_b01_lib.p3449_b01(sch_1):\PP144\"><m K="8" N="@p3449_b01_lib.p3449_b01(sch_1):page6_i85:hdmi_txd2_n"/><m K="8" N="@p3449_b01_lib.p3449_b01(sch_1):page16_i404:\3a\"/></o><o N="@p3449_b01_lib.p3449_b01(sch_1):\PP149\"><m K="8" N="@p3449_b01_lib.p3449_b01(sch_1):page6_i85:hdmi_txd1_n"/><m K="8" N="@p3449_b01_lib.p3449_b01(sch_1):page16_i393:\d1*\"/></o><o N="@p3449_b01_lib.p3449_b01(sch_1):\PP150\"><m K="8" N="@p3449_b01_lib.p3449_b01(sch_1):page6_i85:hdmi_txd1_n"/><m K="8" N="@p3449_b01_lib.p3449_b01(sch_1):page16_i406:\4b\"/></o><o N="@p3449_b01_lib.p3449_b01(sch_1):\PP156\"><m K="8" N="@p3449_b01_lib.p3449_b01(sch_1):page6_i85:hdmi_txd1_p"/><m K="8" N="@p3449_b01_lib.p3449_b01(sch_1):page16_i393:d1"/></o><o N="@p3449_b01_lib.p3449_b01(sch_1):\PP157\"><m K="8" N="@p3449_b01_lib.p3449_b01(sch_1):page6_i85:hdmi_txd1_p"/><m K="8" N="@p3449_b01_lib.p3449_b01(sch_1):page16_i406:\3b\"/></o><o N="@p3449_b01_lib.p3449_b01(sch_1):\PP158\"><m K="8" N="@p3449_b01_lib.p3449_b01(sch_1):page6_i85:hdmi_txd1_p"/><m K="8" N="@p3449_b01_lib.p3449_b01(sch_1):page16_i406:\3a\"/></o><o N="@p3449_b01_lib.p3449_b01(sch_1):\PP160\"><m K="8" N="@p3449_b01_lib.p3449_b01(sch_1):page6_i85:hdmi_txd0_n"/><m K="8" N="@p3449_b01_lib.p3449_b01(sch_1):page16_i405:\1b\"/></o><o N="@p3449_b01_lib.p3449_b01(sch_1):\PP161\"><m K="8" N="@p3449_b01_lib.p3449_b01(sch_1):page6_i85:hdmi_txd0_n"/><m K="8" N="@p3449_b01_lib.p3449_b01(sch_1):page16_i405:\1a\"/></o><o N="@p3449_b01_lib.p3449_b01(sch_1):\PP162\"><m K="8" N="@p3449_b01_lib.p3449_b01(sch_1):page6_i85:hdmi_txd0_p"/><m K="8" N="@p3449_b01_lib.p3449_b01(sch_1):page16_i393:d2"/></o><o N="@p3449_b01_lib.p3449_b01(sch_1):\PP164\"><m K="8" N="@p3449_b01_lib.p3449_b01(sch_1):page6_i85:hdmi_txd0_p"/><m K="8" N="@p3449_b01_lib.p3449_b01(sch_1):page16_i405:\2a\"/></o><o N="@p3449_b01_lib.p3449_b01(sch_1):\PP186\"><a N="PROPAGATION_DELAY_MAX"><v V="0.64 ns"/><s>32768</s><o>2</o></a><m K="8" N="@p3449_b01_lib.p3449_b01(sch_1):page6_i85:pex_tx4_n"/><m K="8" N="@p3449_b01_lib.p3449_b01(sch_1):page14_i1:petno"/></o><o N="@p3449_b01_lib.p3449_b01(sch_1):\PP122\"><a N="PROPAGATION_DELAY_MAX"><v V="0.64 ns"/><s>32768</s><o>2</o></a><m K="8" N="@p3449_b01_lib.p3449_b01(sch_1):page6_i85:pex_tx4_p"/><m K="8" N="@p3449_b01_lib.p3449_b01(sch_1):page14_i1:petpo"/></o><o N="@p3449_b01_lib.p3449_b01(sch_1):\PP184\"><a N="PROPAGATION_DELAY_MAX"><v V="0.64 ns"/><s>32768</s><o>2</o></a><m K="8" N="@p3449_b01_lib.p3449_b01(sch_1):page14_i1:perno"/><m K="8" N="@p3449_b01_lib.p3449_b01(sch_1):page6_i85:pex_rx4_n"/></o><o N="@p3449_b01_lib.p3449_b01(sch_1):\PP185\"><a N="PROPAGATION_DELAY_MAX"><v V="0.64 ns"/><s>32768</s><o>2</o></a><m K="8" N="@p3449_b01_lib.p3449_b01(sch_1):page14_i1:perpo"/><m K="8" N="@p3449_b01_lib.p3449_b01(sch_1):page6_i85:pex_rx4_p"/></o><o N="@p3449_b01_lib.p3449_b01(sch_1):\PP29\"><m K="8" N="@p3449_b01_lib.p3449_b01(sch_1):page17_i75:\2b\"/><m K="8" N="@p3449_b01_lib.p3449_b01(sch_1):page17_i1:lane_1n"/></o><o N="@p3449_b01_lib.p3449_b01(sch_1):\PP18\"><m K="8" N="@p3449_b01_lib.p3449_b01(sch_1):page17_i75:\1b\"/><m K="8" N="@p3449_b01_lib.p3449_b01(sch_1):page17_i1:lane_1p"/></o></root>