<?xml version="1.0" encoding="UTF-8" standalone="no"?><root><o N="@p3449_b01_lib.p3449_b01(sch_1):uusb_ovp_set" A="UUSB_OVP_SET"><m K="10" N="@p3449_b01_lib.p3449_b01(sch_1):uusb_en_uvlo"/><m K="10" N="@p3449_b01_lib.p3449_b01(sch_1):uusb_ovp_set"/></o><o N="@p3449_b01_lib.p3449_b01(sch_1):dp0_hpd_b2" A="DP0_HPD_B2"><m K="10" N="@p3449_b01_lib.p3449_b01(sch_1):dp_hpd_con"/><m K="10" N="@p3449_b01_lib.p3449_b01(sch_1):dp0_hpd_b2"/></o><o N="@p3449_b01_lib.p3449_b01(sch_1):usb_dc_ppath_sel2" A="USB_DC_PPATH_SEL2"><m K="10" N="@p3449_b01_lib.p3449_b01(sch_1):vdd_5v_ao"/><m K="10" N="@p3449_b01_lib.p3449_b01(sch_1):usb_dc_ppath_sel"/><m K="10" N="@p3449_b01_lib.p3449_b01(sch_1):usb_dc_ppath_sel2"/></o><o N="@p3449_b01_lib.p3449_b01(sch_1):dp0_hpd_b" A="DP0_HPD_B"><m K="10" N="@p3449_b01_lib.p3449_b01(sch_1):dp0_hpd_b"/><m K="10" N="@p3449_b01_lib.p3449_b01(sch_1):dp0_hpd_c"/></o><o N="@p3449_b01_lib.p3449_b01(sch_1):\3v3_dcdc_bst\" A="3V3_DCDC_BST"><m K="10" N="@p3449_b01_lib.p3449_b01(sch_1):ps_3v3_fb"/><m K="10" N="@p3449_b01_lib.p3449_b01(sch_1):ps_3v3_fb_r"/><m K="10" N="@p3449_b01_lib.p3449_b01(sch_1):ps_3v3_sw_fb_sense"/><m K="10" N="@p3449_b01_lib.p3449_b01(sch_1):ps_3v3_sw_fb_sense_r"/><m K="10" N="@p3449_b01_lib.p3449_b01(sch_1):ps_3v3_sw"/><m K="10" N="@p3449_b01_lib.p3449_b01(sch_1):\3v3_dcdc_bst_r\"/><m K="10" N="@p3449_b01_lib.p3449_b01(sch_1):\3v3_dcdc_bst\"/><m K="10" N="@p3449_b01_lib.p3449_b01(sch_1):\3v3_snub\"/></o><o N="@p3449_b01_lib.p3449_b01(sch_1):usbss_rx6_n" A="USBSS_RX6_N"><a N="ELECTRICAL_CONSTRAINT_SET"><v V="@p3449_b01_lib.p3449_b01(sch_1):\NVEC14_27_USBSS_RX6_\"/><o>1</o></a><r K="14" N="@p3449_b01_lib.p3449_b01(sch_1):\NVEC14_27_USBSS_RX6_\"/><m K="20" N="@p3449_b00_lib.p3449_b00(sch_1):\PP124\"/><m K="10" N="@p3449_b01_lib.p3449_b01(sch_1):usbss_rx6_n"/><m K="10" N="@p3449_b01_lib.p3449_b01(sch_1):usbss_tx6_hub_n"/></o><o N="@p3449_b01_lib.p3449_b01(sch_1):usbss_rx6_p" A="USBSS_RX6_P"><a N="ELECTRICAL_CONSTRAINT_SET"><v V="@p3449_b01_lib.p3449_b01(sch_1):\NVEC14_27_USBSS_RX6_\"/><o>1</o></a><r K="14" N="@p3449_b01_lib.p3449_b01(sch_1):\NVEC14_27_USBSS_RX6_\"/><m K="20" N="@p3449_b00_lib.p3449_b00(sch_1):\PP137\"/><m K="10" N="@p3449_b01_lib.p3449_b01(sch_1):usbss_tx6_hub_p"/><m K="10" N="@p3449_b01_lib.p3449_b01(sch_1):usbss_rx6_p"/></o><o N="@p3449_b01_lib.p3449_b01(sch_1):usbss_rx6_hub_n" A="USBSS_RX6_HUB_N"><a N="ELECTRICAL_CONSTRAINT_SET"><v V="@p3449_b01_lib.p3449_b01(sch_1):\NVEC15_28_USBSS_TX6_\"/><o>1</o></a><r K="14" N="@p3449_b01_lib.p3449_b01(sch_1):\NVEC15_28_USBSS_TX6_\"/><m K="20" N="@p3449_b00_lib.p3449_b00(sch_1):\PP138\"/><m K="10" N="@p3449_b01_lib.p3449_b01(sch_1):usbss_tx6_n"/><m K="10" N="@p3449_b01_lib.p3449_b01(sch_1):usbss_rx6_hub_n"/></o><o N="@p3449_b01_lib.p3449_b01(sch_1):usbss_rx6_hub_p" A="USBSS_RX6_HUB_P"><a N="ELECTRICAL_CONSTRAINT_SET"><v V="@p3449_b01_lib.p3449_b01(sch_1):\NVEC15_28_USBSS_TX6_\"/><o>1</o></a><r K="14" N="@p3449_b01_lib.p3449_b01(sch_1):\NVEC15_28_USBSS_TX6_\"/><m K="20" N="@p3449_b00_lib.p3449_b00(sch_1):\PP140\"/><m K="10" N="@p3449_b01_lib.p3449_b01(sch_1):usbss_rx6_hub_p"/><m K="10" N="@p3449_b01_lib.p3449_b01(sch_1):usbss_tx6_p"/></o><o N="@p3449_b01_lib.p3449_b01(sch_1):dp_con_lane0_n" A="DP_CON_LANE0_N"><a N="ELECTRICAL_CONSTRAINT_SET"><v V="@p3449_b01_lib.p3449_b01(sch_1):\NVEC11_20_DP0_TXD0_\"/><o>1</o></a><r K="14" N="@p3449_b01_lib.p3449_b01(sch_1):\NVEC11_20_DP0_TXD0_\"/><m K="20" N="@p3449_b00_lib.p3449_b00(sch_1):\PP5\"/><m K="20" N="@p3449_b01_lib.p3449_b01(sch_1):\PP11\"/><m K="20" N="@p3449_b01_lib.p3449_b01(sch_1):\PP13\"/><m K="20" N="@p3449_a02_lib.p3449_a02(sch_1):\PP144\"/><m K="10" N="@p3449_b01_lib.p3449_b01(sch_1):dp_lane0_n"/><m K="10" N="@p3449_b01_lib.p3449_b01(sch_1):dp_con_lane0_n"/><m K="10" N="@p3449_b01_lib.p3449_b01(sch_1):dp0_txd0_n"/></o><o N="@p3449_b01_lib.p3449_b01(sch_1):dp_con_lane0_p" A="DP_CON_LANE0_P"><a N="ELECTRICAL_CONSTRAINT_SET"><v V="@p3449_b01_lib.p3449_b01(sch_1):\NVEC11_20_DP0_TXD0_\"/><o>1</o></a><r K="14" N="@p3449_b01_lib.p3449_b01(sch_1):\NVEC11_20_DP0_TXD0_\"/><m K="20" N="@p3449_b00_lib.p3449_b00(sch_1):\PP11\"/><m K="20" N="@p3449_b01_lib.p3449_b01(sch_1):\PP14\"/><m K="20" N="@p3449_b01_lib.p3449_b01(sch_1):\PP15\"/><m K="20" N="@p3449_a02_lib.p3449_a02(sch_1):\PP169\"/><m K="10" N="@p3449_b01_lib.p3449_b01(sch_1):dp_lane0_p"/><m K="10" N="@p3449_b01_lib.p3449_b01(sch_1):dp_con_lane0_p"/><m K="10" N="@p3449_b01_lib.p3449_b01(sch_1):dp0_txd0_p"/></o><o N="@p3449_b01_lib.p3449_b01(sch_1):dp_con_lane1_n" A="DP_CON_LANE1_N"><a N="ELECTRICAL_CONSTRAINT_SET"><v V="@p3449_b01_lib.p3449_b01(sch_1):\NVEC11_20_DP0_TXD0_\"/><o>1</o></a><r K="14" N="@p3449_b01_lib.p3449_b01(sch_1):\NVEC11_20_DP0_TXD0_\"/><m K="20" N="@p3449_b00_lib.p3449_b00(sch_1):\PP20\"/><m K="20" N="@p3449_b01_lib.p3449_b01(sch_1):\PP16\"/><m K="20" N="@p3449_b01_lib.p3449_b01(sch_1):\PP17\"/><m K="20" N="@p3449_a02_lib.p3449_a02(sch_1):\PP175\"/><m K="10" N="@p3449_b01_lib.p3449_b01(sch_1):dp_lane1_n"/><m K="10" N="@p3449_b01_lib.p3449_b01(sch_1):dp_con_lane1_n"/><m K="10" N="@p3449_b01_lib.p3449_b01(sch_1):dp0_txd1_n"/></o><o N="@p3449_b01_lib.p3449_b01(sch_1):dp_con_lane1_p" A="DP_CON_LANE1_P"><a N="ELECTRICAL_CONSTRAINT_SET"><v V="@p3449_b01_lib.p3449_b01(sch_1):\NVEC11_20_DP0_TXD0_\"/><o>1</o></a><r K="14" N="@p3449_b01_lib.p3449_b01(sch_1):\NVEC11_20_DP0_TXD0_\"/><m K="20" N="@p3449_b00_lib.p3449_b00(sch_1):\PP23\"/><m K="20" N="@p3449_b01_lib.p3449_b01(sch_1):\PP19\"/><m K="20" N="@p3449_b01_lib.p3449_b01(sch_1):\PP20\"/><m K="20" N="@p3449_a02_lib.p3449_a02(sch_1):\PP178\"/><m K="10" N="@p3449_b01_lib.p3449_b01(sch_1):dp_lane1_p"/><m K="10" N="@p3449_b01_lib.p3449_b01(sch_1):dp_con_lane1_p"/><m K="10" N="@p3449_b01_lib.p3449_b01(sch_1):dp0_txd1_p"/></o><o N="@p3449_b01_lib.p3449_b01(sch_1):dp_con_lane2_n" A="DP_CON_LANE2_N"><a N="ELECTRICAL_CONSTRAINT_SET"><v V="@p3449_b01_lib.p3449_b01(sch_1):\NVEC11_20_DP0_TXD0_\"/><o>1</o></a><r K="14" N="@p3449_b01_lib.p3449_b01(sch_1):\NVEC11_20_DP0_TXD0_\"/><m K="20" N="@p3449_b00_lib.p3449_b00(sch_1):\PP24\"/><m K="20" N="@p3449_b01_lib.p3449_b01(sch_1):\PP21\"/><m K="20" N="@p3449_b01_lib.p3449_b01(sch_1):\PP22\"/><m K="20" N="@p3449_a02_lib.p3449_a02(sch_1):\PP187\"/><m K="10" N="@p3449_b01_lib.p3449_b01(sch_1):dp_lane2_n"/><m K="10" N="@p3449_b01_lib.p3449_b01(sch_1):dp_con_lane2_n"/><m K="10" N="@p3449_b01_lib.p3449_b01(sch_1):dp0_txd2_n"/></o><o N="@p3449_b01_lib.p3449_b01(sch_1):dp_con_lane2_p" A="DP_CON_LANE2_P"><a N="ELECTRICAL_CONSTRAINT_SET"><v V="@p3449_b01_lib.p3449_b01(sch_1):\NVEC11_20_DP0_TXD0_\"/><o>1</o></a><r K="14" N="@p3449_b01_lib.p3449_b01(sch_1):\NVEC11_20_DP0_TXD0_\"/><m K="20" N="@p3449_b00_lib.p3449_b00(sch_1):\PP87\"/><m K="20" N="@p3449_b01_lib.p3449_b01(sch_1):\PP23\"/><m K="20" N="@p3449_b01_lib.p3449_b01(sch_1):\PP24\"/><m K="20" N="@p3449_a02_lib.p3449_a02(sch_1):\PP190\"/><m K="10" N="@p3449_b01_lib.p3449_b01(sch_1):dp_lane2_p"/><m K="10" N="@p3449_b01_lib.p3449_b01(sch_1):dp_con_lane2_p"/><m K="10" N="@p3449_b01_lib.p3449_b01(sch_1):dp0_txd2_p"/></o><o N="@p3449_b01_lib.p3449_b01(sch_1):dp_con_lane3_n" A="DP_CON_LANE3_N"><a N="ELECTRICAL_CONSTRAINT_SET"><v V="@p3449_b01_lib.p3449_b01(sch_1):\NVEC11_20_DP0_TXD0_\"/><o>1</o></a><r K="14" N="@p3449_b01_lib.p3449_b01(sch_1):\NVEC11_20_DP0_TXD0_\"/><m K="20" N="@p3449_b00_lib.p3449_b00(sch_1):\PP26\"/><m K="20" N="@p3449_b01_lib.p3449_b01(sch_1):\PP25\"/><m K="20" N="@p3449_b01_lib.p3449_b01(sch_1):\PP26\"/><m K="20" N="@p3449_a02_lib.p3449_a02(sch_1):\PP193\"/><m K="10" N="@p3449_b01_lib.p3449_b01(sch_1):dp_lane3_n"/><m K="10" N="@p3449_b01_lib.p3449_b01(sch_1):dp_con_lane3_n"/><m K="10" N="@p3449_b01_lib.p3449_b01(sch_1):dp0_txd3_n"/></o><o N="@p3449_b01_lib.p3449_b01(sch_1):dp_con_lane3_p" A="DP_CON_LANE3_P"><a N="ELECTRICAL_CONSTRAINT_SET"><v V="@p3449_b01_lib.p3449_b01(sch_1):\NVEC11_20_DP0_TXD0_\"/><o>1</o></a><r K="14" N="@p3449_b01_lib.p3449_b01(sch_1):\NVEC11_20_DP0_TXD0_\"/><m K="20" N="@p3449_b00_lib.p3449_b00(sch_1):\PP27\"/><m K="20" N="@p3449_b01_lib.p3449_b01(sch_1):\PP27\"/><m K="20" N="@p3449_b01_lib.p3449_b01(sch_1):\PP28\"/><m K="20" N="@p3449_a02_lib.p3449_a02(sch_1):\PP196\"/><m K="10" N="@p3449_b01_lib.p3449_b01(sch_1):dp_lane3_p"/><m K="10" N="@p3449_b01_lib.p3449_b01(sch_1):dp_con_lane3_p"/><m K="10" N="@p3449_b01_lib.p3449_b01(sch_1):dp0_txd3_p"/></o><o N="@p3449_b01_lib.p3449_b01(sch_1):hdmi_cec_con" A="HDMI_CEC_CON"><m K="10" N="@p3449_b01_lib.p3449_b01(sch_1):hdmi_cec_con"/><m K="10" N="@p3449_b01_lib.p3449_b01(sch_1):hdmi_cec_q"/></o><o N="@p3449_b01_lib.p3449_b01(sch_1):i2c2_m2_scl" A="I2C2_M2_SCL"><m K="10" N="@p3449_b01_lib.p3449_b01(sch_1):i2c2_scl"/><m K="10" N="@p3449_b01_lib.p3449_b01(sch_1):i2c2_m2_scl"/></o><o N="@p3449_b01_lib.p3449_b01(sch_1):i2c2_m2_sda" A="I2C2_M2_SDA"><m K="10" N="@p3449_b01_lib.p3449_b01(sch_1):i2c2_sda"/><m K="10" N="@p3449_b01_lib.p3449_b01(sch_1):i2c2_m2_sda"/></o><o N="@p3449_b01_lib.p3449_b01(sch_1):usb2_j33_n" A="USB2_J33_N"><m K="20" N="@p3449_b01_lib.p3449_b01(sch_1):\PP47\"/><m K="20" N="@p3449_b01_lib.p3449_b01(sch_1):\PP48\"/><m K="20" N="@p3449_b01_lib.p3449_b01(sch_1):\PP49\"/><m K="10" N="@p3449_b01_lib.p3449_b01(sch_1):usb2_j33_n"/><m K="10" N="@p3449_b01_lib.p3449_b01(sch_1):dsp4_dn"/></o><o N="@p3449_b01_lib.p3449_b01(sch_1):usb2_j33_p" A="USB2_J33_P"><m K="20" N="@p3449_b01_lib.p3449_b01(sch_1):\PP50\"/><m K="20" N="@p3449_b01_lib.p3449_b01(sch_1):\PP51\"/><m K="20" N="@p3449_b01_lib.p3449_b01(sch_1):\PP52\"/><m K="10" N="@p3449_b01_lib.p3449_b01(sch_1):usb2_j33_p"/><m K="10" N="@p3449_b01_lib.p3449_b01(sch_1):dsp4_dp"/></o><o N="@p3449_b01_lib.p3449_b01(sch_1):usb2_j32_n" A="USB2_J32_N"><m K="20" N="@p3449_b01_lib.p3449_b01(sch_1):\PP55\"/><m K="20" N="@p3449_b01_lib.p3449_b01(sch_1):\PP56\"/><m K="20" N="@p3449_b01_lib.p3449_b01(sch_1):\PP57\"/><m K="10" N="@p3449_b01_lib.p3449_b01(sch_1):usb2_j32_n"/><m K="10" N="@p3449_b01_lib.p3449_b01(sch_1):dsp2_dn"/></o><o N="@p3449_b01_lib.p3449_b01(sch_1):usb2_j32_p" A="USB2_J32_P"><m K="20" N="@p3449_b01_lib.p3449_b01(sch_1):\PP60\"/><m K="20" N="@p3449_b01_lib.p3449_b01(sch_1):\PP61\"/><m K="20" N="@p3449_b01_lib.p3449_b01(sch_1):\PP62\"/><m K="10" N="@p3449_b01_lib.p3449_b01(sch_1):usb2_j32_p"/><m K="10" N="@p3449_b01_lib.p3449_b01(sch_1):dsp2_dp"/></o><o N="@p3449_b01_lib.p3449_b01(sch_1):usb1_j33_n" A="USB1_J33_N"><m K="20" N="@p3449_b01_lib.p3449_b01(sch_1):\PP65\"/><m K="20" N="@p3449_b01_lib.p3449_b01(sch_1):\PP66\"/><m K="20" N="@p3449_b01_lib.p3449_b01(sch_1):\PP67\"/><m K="10" N="@p3449_b01_lib.p3449_b01(sch_1):usb1_j33_n"/><m K="10" N="@p3449_b01_lib.p3449_b01(sch_1):dsp3_dn"/></o><o N="@p3449_b01_lib.p3449_b01(sch_1):usb1_j33_p" A="USB1_J33_P"><m K="20" N="@p3449_b01_lib.p3449_b01(sch_1):\PP70\"/><m K="20" N="@p3449_b01_lib.p3449_b01(sch_1):\PP71\"/><m K="20" N="@p3449_b01_lib.p3449_b01(sch_1):\PP72\"/><m K="10" N="@p3449_b01_lib.p3449_b01(sch_1):usb1_j33_p"/><m K="10" N="@p3449_b01_lib.p3449_b01(sch_1):dsp3_dp"/></o><o N="@p3449_b01_lib.p3449_b01(sch_1):dsp1_sstx_n" A="DSP1_SSTX_N"><m K="20" N="@p3449_b01_lib.p3449_b01(sch_1):\PP73\"/><m K="20" N="@p3449_b01_lib.p3449_b01(sch_1):\PP74\"/><m K="10" N="@p3449_b01_lib.p3449_b01(sch_1):usbss_tx_j32_1_n"/><m K="10" N="@p3449_b01_lib.p3449_b01(sch_1):dsp1_sstx_n"/></o><o N="@p3449_b01_lib.p3449_b01(sch_1):dsp1_sstx_p" A="DSP1_SSTX_P"><m K="20" N="@p3449_b01_lib.p3449_b01(sch_1):\PP76\"/><m K="20" N="@p3449_b01_lib.p3449_b01(sch_1):\PP77\"/><m K="10" N="@p3449_b01_lib.p3449_b01(sch_1):usbss_tx_j32_1_p"/><m K="10" N="@p3449_b01_lib.p3449_b01(sch_1):dsp1_sstx_p"/></o><o N="@p3449_b01_lib.p3449_b01(sch_1):dsp2_sstx_n" A="DSP2_SSTX_N"><m K="20" N="@p3449_b01_lib.p3449_b01(sch_1):\PP78\"/><m K="20" N="@p3449_b01_lib.p3449_b01(sch_1):\PP79\"/><m K="10" N="@p3449_b01_lib.p3449_b01(sch_1):usbss_tx_j32_2_n"/><m K="10" N="@p3449_b01_lib.p3449_b01(sch_1):dsp2_sstx_n"/></o><o N="@p3449_b01_lib.p3449_b01(sch_1):dsp2_sstx_p" A="DSP2_SSTX_P"><m K="20" N="@p3449_b01_lib.p3449_b01(sch_1):\PP81\"/><m K="20" N="@p3449_b01_lib.p3449_b01(sch_1):\PP82\"/><m K="10" N="@p3449_b01_lib.p3449_b01(sch_1):usbss_tx_j32_2_p"/><m K="10" N="@p3449_b01_lib.p3449_b01(sch_1):dsp2_sstx_p"/></o><o N="@p3449_b01_lib.p3449_b01(sch_1):dsp3_sstx_n" A="DSP3_SSTX_N"><m K="20" N="@p3449_b01_lib.p3449_b01(sch_1):\PP83\"/><m K="20" N="@p3449_b01_lib.p3449_b01(sch_1):\PP84\"/><m K="10" N="@p3449_b01_lib.p3449_b01(sch_1):dsp3_sstx_n"/><m K="10" N="@p3449_b01_lib.p3449_b01(sch_1):usbss_tx_j33_1_n"/></o><o N="@p3449_b01_lib.p3449_b01(sch_1):dsp3_sstx_p" A="DSP3_SSTX_P"><m K="20" N="@p3449_b01_lib.p3449_b01(sch_1):\PP85\"/><m K="20" N="@p3449_b01_lib.p3449_b01(sch_1):\PP86\"/><m K="10" N="@p3449_b01_lib.p3449_b01(sch_1):dsp3_sstx_p"/><m K="10" N="@p3449_b01_lib.p3449_b01(sch_1):usbss_tx_j33_1_p"/></o><o N="@p3449_b01_lib.p3449_b01(sch_1):dsp4_sstx_n" A="DSP4_SSTX_N"><m K="20" N="@p3449_b01_lib.p3449_b01(sch_1):\PP87\"/><m K="20" N="@p3449_b01_lib.p3449_b01(sch_1):\PP88\"/><m K="10" N="@p3449_b01_lib.p3449_b01(sch_1):dsp4_sstx_n"/><m K="10" N="@p3449_b01_lib.p3449_b01(sch_1):usbss_tx_j33_2_n"/></o><o N="@p3449_b01_lib.p3449_b01(sch_1):dsp4_sstx_p" A="DSP4_SSTX_P"><m K="20" N="@p3449_b01_lib.p3449_b01(sch_1):\PP89\"/><m K="20" N="@p3449_b01_lib.p3449_b01(sch_1):\PP90\"/><m K="10" N="@p3449_b01_lib.p3449_b01(sch_1):dsp4_sstx_p"/><m K="10" N="@p3449_b01_lib.p3449_b01(sch_1):usbss_tx_j33_2_p"/></o><o N="@p3449_b01_lib.p3449_b01(sch_1):usb1_j32_n" A="USB1_J32_N"><m K="20" N="@p3449_b01_lib.p3449_b01(sch_1):\PP93\"/><m K="20" N="@p3449_b01_lib.p3449_b01(sch_1):\PP94\"/><m K="20" N="@p3449_b01_lib.p3449_b01(sch_1):\PP96\"/><m K="10" N="@p3449_b01_lib.p3449_b01(sch_1):usb1_j32_n"/><m K="10" N="@p3449_b01_lib.p3449_b01(sch_1):dsp1_dn"/></o><o N="@p3449_b01_lib.p3449_b01(sch_1):usb1_j32_p" A="USB1_J32_P"><m K="20" N="@p3449_b01_lib.p3449_b01(sch_1):\PP98\"/><m K="20" N="@p3449_b01_lib.p3449_b01(sch_1):\PP99\"/><m K="20" N="@p3449_b01_lib.p3449_b01(sch_1):\PP100\"/><m K="10" N="@p3449_b01_lib.p3449_b01(sch_1):usb1_j32_p"/><m K="10" N="@p3449_b01_lib.p3449_b01(sch_1):dsp1_dp"/></o><o N="@p3449_b01_lib.p3449_b01(sch_1):dp0_aux_ch0_n" A="DP0_AUX_CH0_N"><m K="20" N="@p3449_b01_lib.p3449_b01(sch_1):\PP102\"/><m K="10" N="@p3449_b01_lib.p3449_b01(sch_1):dp_aux_con_ch0_n"/><m K="10" N="@p3449_b01_lib.p3449_b01(sch_1):dp0_aux_ch0_n"/></o><o N="@p3449_b01_lib.p3449_b01(sch_1):dp0_aux_ch0_p" A="DP0_AUX_CH0_P"><m K="20" N="@p3449_b01_lib.p3449_b01(sch_1):\PP103\"/><m K="10" N="@p3449_b01_lib.p3449_b01(sch_1):dp0_aux_ch0_p"/><m K="10" N="@p3449_b01_lib.p3449_b01(sch_1):dp_aux_con_ch0_p"/></o><o N="@p3449_b01_lib.p3449_b01(sch_1):hdmi_txc_con_n" A="HDMI_TXC_CON_N"><a N="ELECTRICAL_CONSTRAINT_SET"><v V="@p3449_b01_lib.p3449_b01(sch_1):\NVEC9_12_HDMI_TXD0_\"/><o>1</o></a><r K="14" N="@p3449_b01_lib.p3449_b01(sch_1):\NVEC9_12_HDMI_TXD0_\"/><m K="20" N="@p3449_b00_lib.p3449_b00(sch_1):\PP42\"/><m K="20" N="@p3449_b01_lib.p3449_b01(sch_1):\PP129\"/><m K="20" N="@p3449_b01_lib.p3449_b01(sch_1):\PP130\"/><m K="20" N="@p3449_b01_lib.p3449_b01(sch_1):\PP108\"/><m K="10" N="@p3449_b01_lib.p3449_b01(sch_1):hdmi_txc_c_n"/><m K="10" N="@p3449_b01_lib.p3449_b01(sch_1):hdmi_txc_con_n"/><m K="10" N="@p3449_b01_lib.p3449_b01(sch_1):hdmi_txc_n"/></o><o N="@p3449_b01_lib.p3449_b01(sch_1):hdmi_txc_con_p" A="HDMI_TXC_CON_P"><a N="ELECTRICAL_CONSTRAINT_SET"><v V="@p3449_b01_lib.p3449_b01(sch_1):\NVEC9_12_HDMI_TXD0_\"/><o>1</o></a><r K="14" N="@p3449_b01_lib.p3449_b01(sch_1):\NVEC9_12_HDMI_TXD0_\"/><m K="20" N="@p3449_b00_lib.p3449_b00(sch_1):\PP43\"/><m K="20" N="@p3449_b01_lib.p3449_b01(sch_1):\PP136\"/><m K="20" N="@p3449_b01_lib.p3449_b01(sch_1):\PP137\"/><m K="20" N="@p3449_b01_lib.p3449_b01(sch_1):\PP138\"/><m K="10" N="@p3449_b01_lib.p3449_b01(sch_1):hdmi_txc_c_p"/><m K="10" N="@p3449_b01_lib.p3449_b01(sch_1):hdmi_txc_con_p"/><m K="10" N="@p3449_b01_lib.p3449_b01(sch_1):hdmi_txc_p"/></o><o N="@p3449_b01_lib.p3449_b01(sch_1):hdmi_txd0_con_p" A="HDMI_TXD0_CON_P"><a N="ELECTRICAL_CONSTRAINT_SET"><v V="@p3449_b01_lib.p3449_b01(sch_1):\NVEC9_12_HDMI_TXD0_\"/><o>1</o></a><r K="14" N="@p3449_b01_lib.p3449_b01(sch_1):\NVEC9_12_HDMI_TXD0_\"/><m K="20" N="@p3449_b00_lib.p3449_b00(sch_1):\PP22\"/><m K="20" N="@p3449_b01_lib.p3449_b01(sch_1):\PP139\"/><m K="20" N="@p3449_b01_lib.p3449_b01(sch_1):\PP140\"/><m K="20" N="@p3449_b01_lib.p3449_b01(sch_1):\PP141\"/><m K="10" N="@p3449_b01_lib.p3449_b01(sch_1):hdmi_txd0_c_p"/><m K="10" N="@p3449_b01_lib.p3449_b01(sch_1):hdmi_txd0_con_p"/><m K="10" N="@p3449_b01_lib.p3449_b01(sch_1):hdmi_txd0_p"/></o><o N="@p3449_b01_lib.p3449_b01(sch_1):hdmi_txd0_con_n" A="HDMI_TXD0_CON_N"><a N="ELECTRICAL_CONSTRAINT_SET"><v V="@p3449_b01_lib.p3449_b01(sch_1):\NVEC9_12_HDMI_TXD0_\"/><o>1</o></a><r K="14" N="@p3449_b01_lib.p3449_b01(sch_1):\NVEC9_12_HDMI_TXD0_\"/><m K="20" N="@p3449_b00_lib.p3449_b00(sch_1):\PP3\"/><m K="20" N="@p3449_b01_lib.p3449_b01(sch_1):\PP142\"/><m K="20" N="@p3449_b01_lib.p3449_b01(sch_1):\PP114\"/><m K="20" N="@p3449_b01_lib.p3449_b01(sch_1):\PP144\"/><m K="10" N="@p3449_b01_lib.p3449_b01(sch_1):hdmi_txd0_c_n"/><m K="10" N="@p3449_b01_lib.p3449_b01(sch_1):hdmi_txd0_con_n"/><m K="10" N="@p3449_b01_lib.p3449_b01(sch_1):hdmi_txd0_n"/></o><o N="@p3449_b01_lib.p3449_b01(sch_1):hdmi_txd1_con_n" A="HDMI_TXD1_CON_N"><a N="ELECTRICAL_CONSTRAINT_SET"><v V="@p3449_b01_lib.p3449_b01(sch_1):\NVEC9_12_HDMI_TXD0_\"/><o>1</o></a><r K="14" N="@p3449_b01_lib.p3449_b01(sch_1):\NVEC9_12_HDMI_TXD0_\"/><m K="20" N="@p3449_b00_lib.p3449_b00(sch_1):\PP32\"/><m K="20" N="@p3449_b01_lib.p3449_b01(sch_1):\PP149\"/><m K="20" N="@p3449_b01_lib.p3449_b01(sch_1):\PP150\"/><m K="20" N="@p3449_b01_lib.p3449_b01(sch_1):\PP151\"/><m K="10" N="@p3449_b01_lib.p3449_b01(sch_1):hdmi_txd1_c_n"/><m K="10" N="@p3449_b01_lib.p3449_b01(sch_1):hdmi_txd1_con_n"/><m K="10" N="@p3449_b01_lib.p3449_b01(sch_1):hdmi_txd1_n"/></o><o N="@p3449_b01_lib.p3449_b01(sch_1):hdmi_txd1_con_p" A="HDMI_TXD1_CON_P"><a N="ELECTRICAL_CONSTRAINT_SET"><v V="@p3449_b01_lib.p3449_b01(sch_1):\NVEC9_12_HDMI_TXD0_\"/><o>1</o></a><r K="14" N="@p3449_b01_lib.p3449_b01(sch_1):\NVEC9_12_HDMI_TXD0_\"/><m K="20" N="@p3449_b00_lib.p3449_b00(sch_1):\PP38\"/><m K="20" N="@p3449_b01_lib.p3449_b01(sch_1):\PP156\"/><m K="20" N="@p3449_b01_lib.p3449_b01(sch_1):\PP157\"/><m K="20" N="@p3449_b01_lib.p3449_b01(sch_1):\PP158\"/><m K="10" N="@p3449_b01_lib.p3449_b01(sch_1):hdmi_txd1_c_p"/><m K="10" N="@p3449_b01_lib.p3449_b01(sch_1):hdmi_txd1_con_p"/><m K="10" N="@p3449_b01_lib.p3449_b01(sch_1):hdmi_txd1_p"/></o><o N="@p3449_b01_lib.p3449_b01(sch_1):hdmi_txd2_con_n" A="HDMI_TXD2_CON_N"><a N="ELECTRICAL_CONSTRAINT_SET"><v V="@p3449_b01_lib.p3449_b01(sch_1):\NVEC9_12_HDMI_TXD0_\"/><o>1</o></a><r K="14" N="@p3449_b01_lib.p3449_b01(sch_1):\NVEC9_12_HDMI_TXD0_\"/><m K="20" N="@p3449_b00_lib.p3449_b00(sch_1):\PP40\"/><m K="20" N="@p3449_b01_lib.p3449_b01(sch_1):\PP159\"/><m K="20" N="@p3449_b01_lib.p3449_b01(sch_1):\PP160\"/><m K="20" N="@p3449_b01_lib.p3449_b01(sch_1):\PP161\"/><m K="10" N="@p3449_b01_lib.p3449_b01(sch_1):hdmi_txd2_c_n"/><m K="10" N="@p3449_b01_lib.p3449_b01(sch_1):hdmi_txd2_con_n"/><m K="10" N="@p3449_b01_lib.p3449_b01(sch_1):hdmi_txd2_n"/></o><o N="@p3449_b01_lib.p3449_b01(sch_1):hdmi_txd2_con_p" A="HDMI_TXD2_CON_P"><a N="ELECTRICAL_CONSTRAINT_SET"><v V="@p3449_b01_lib.p3449_b01(sch_1):\NVEC9_12_HDMI_TXD0_\"/><o>1</o></a><r K="14" N="@p3449_b01_lib.p3449_b01(sch_1):\NVEC9_12_HDMI_TXD0_\"/><m K="20" N="@p3449_b00_lib.p3449_b00(sch_1):\PP69\"/><m K="20" N="@p3449_b01_lib.p3449_b01(sch_1):\PP162\"/><m K="20" N="@p3449_b01_lib.p3449_b01(sch_1):\PP163\"/><m K="20" N="@p3449_b01_lib.p3449_b01(sch_1):\PP164\"/><m K="10" N="@p3449_b01_lib.p3449_b01(sch_1):hdmi_txd2_c_p"/><m K="10" N="@p3449_b01_lib.p3449_b01(sch_1):hdmi_txd2_con_p"/><m K="10" N="@p3449_b01_lib.p3449_b01(sch_1):hdmi_txd2_p"/></o><o N="@p3449_b01_lib.p3449_b01(sch_1):ap_pet0_n" A="AP_PET0_N"><a N="ELECTRICAL_CONSTRAINT_SET"><v V="@p3449_b01_lib.p3449_b01(sch_1):\NVEC3_3_PCIE0_TX0_\"/><o>1</o></a><r K="14" N="@p3449_b01_lib.p3449_b01(sch_1):\NVEC3_3_PCIE0_TX0_\"/><m K="20" N="@p3449_b01_lib.p3449_b01(sch_1):\PP186\"/><m K="10" N="@p3449_b01_lib.p3449_b01(sch_1):pcie0_tx0_ap_n"/><m K="10" N="@p3449_b01_lib.p3449_b01(sch_1):ap_pet0_n"/></o><o N="@p3449_b01_lib.p3449_b01(sch_1):ap_pet0_p" A="AP_PET0_P"><a N="ELECTRICAL_CONSTRAINT_SET"><v V="@p3449_b01_lib.p3449_b01(sch_1):\NVEC3_3_PCIE0_TX0_\"/><o>1</o></a><r K="14" N="@p3449_b01_lib.p3449_b01(sch_1):\NVEC3_3_PCIE0_TX0_\"/><m K="20" N="@p3449_b01_lib.p3449_b01(sch_1):\PP122\"/><m K="10" N="@p3449_b01_lib.p3449_b01(sch_1):pcie0_tx0_ap_p"/><m K="10" N="@p3449_b01_lib.p3449_b01(sch_1):ap_pet0_p"/></o><o N="@p3449_b01_lib.p3449_b01(sch_1):led0_ctrl" A="LED0_CTRL"><m K="10" N="@p3449_b01_lib.p3449_b01(sch_1):led1_ctrl"/><m K="10" N="@p3449_b01_lib.p3449_b01(sch_1):\mod_sleep*\"/><m K="10" N="@p3449_b01_lib.p3449_b01(sch_1):led0_ctrl"/><m K="10" N="@p3449_b01_lib.p3449_b01(sch_1):pwr_led_ctrl"/></o><o N="@p3449_b01_lib.p3449_b01(sch_1):\pc_led-\" A="PC_LED-"><m K="10" N="@p3449_b01_lib.p3449_b01(sch_1):\pc_led-\"/><m K="10" N="@p3449_b01_lib.p3449_b01(sch_1):pc_led_r"/></o><o N="@p3449_b01_lib.p3449_b01(sch_1):\3v3_io_pg\" A="3V3_IO_PG"><m K="10" N="@p3449_b01_lib.p3449_b01(sch_1):\3v3_io_pg\"/><m K="10" N="@p3449_b01_lib.p3449_b01(sch_1):edp_sw_en"/></o><o N="@p3449_b01_lib.p3449_b01(sch_1):dc_en_uvlo" A="DC_EN_UVLO"><m K="10" N="@p3449_b01_lib.p3449_b01(sch_1):dc_en_uvlo"/><m K="10" N="@p3449_b01_lib.p3449_b01(sch_1):dc_ovp_set"/></o><o N="@p3449_b01_lib.p3449_b01(sch_1):power_en_q_r" A="POWER_EN_Q_R"><m K="10" N="@p3449_b01_lib.p3449_b01(sch_1):power_en_q"/><m K="10" N="@p3449_b01_lib.p3449_b01(sch_1):power_en_q_r"/><m K="10" N="@p3449_b01_lib.p3449_b01(sch_1):power_en"/></o><o N="@p3449_b01_lib.p3449_b01(sch_1):pwr_led" A="PWR_LED"><m K="10" N="@p3449_b01_lib.p3449_b01(sch_1):pwr_led"/><m K="10" N="@p3449_b01_lib.p3449_b01(sch_1):pwr_led_r"/></o><o N="@p3449_b01_lib.p3449_b01(sch_1):hdmi_hpd_con" A="HDMI_HPD_CON"><m K="10" N="@p3449_b01_lib.p3449_b01(sch_1):hdmi_hpd_con"/><m K="10" N="@p3449_b01_lib.p3449_b01(sch_1):hdmi_hpd_r_l"/></o><o N="@p3449_b01_lib.p3449_b01(sch_1):yellow_led" A="YELLOW_LED"><m K="10" N="@p3449_b01_lib.p3449_b01(sch_1):yellow_led"/><m K="10" N="@p3449_b01_lib.p3449_b01(sch_1):gbe_led_act"/></o><o N="@p3449_b01_lib.p3449_b01(sch_1):green_led" A="GREEN_LED"><m K="10" N="@p3449_b01_lib.p3449_b01(sch_1):green_led"/><m K="10" N="@p3449_b01_lib.p3449_b01(sch_1):gbe_led_link"/></o></root>